CREATE DATABASE  IF NOT EXISTS `plagiarism_detector` /*!40100 DEFAULT CHARACTER SET utf8mb4 COLLATE utf8mb4_0900_ai_ci */ /*!80016 DEFAULT ENCRYPTION='N' */;
USE `plagiarism_detector`;
-- MySQL dump 10.13  Distrib 8.0.33, for Win64 (x86_64)
--
-- Host: localhost    Database: plagiarism_detector
-- ------------------------------------------------------
-- Server version	8.0.33

/*!40101 SET @OLD_CHARACTER_SET_CLIENT=@@CHARACTER_SET_CLIENT */;
/*!40101 SET @OLD_CHARACTER_SET_RESULTS=@@CHARACTER_SET_RESULTS */;
/*!40101 SET @OLD_COLLATION_CONNECTION=@@COLLATION_CONNECTION */;
/*!50503 SET NAMES utf8 */;
/*!40103 SET @OLD_TIME_ZONE=@@TIME_ZONE */;
/*!40103 SET TIME_ZONE='+00:00' */;
/*!40014 SET @OLD_UNIQUE_CHECKS=@@UNIQUE_CHECKS, UNIQUE_CHECKS=0 */;
/*!40014 SET @OLD_FOREIGN_KEY_CHECKS=@@FOREIGN_KEY_CHECKS, FOREIGN_KEY_CHECKS=0 */;
/*!40101 SET @OLD_SQL_MODE=@@SQL_MODE, SQL_MODE='NO_AUTO_VALUE_ON_ZERO' */;
/*!40111 SET @OLD_SQL_NOTES=@@SQL_NOTES, SQL_NOTES=0 */;

--
-- Table structure for table `auth_group`
--

DROP TABLE IF EXISTS `auth_group`;
/*!40101 SET @saved_cs_client     = @@character_set_client */;
/*!50503 SET character_set_client = utf8mb4 */;
CREATE TABLE `auth_group` (
  `id` int NOT NULL AUTO_INCREMENT,
  `name` varchar(150) NOT NULL,
  PRIMARY KEY (`id`),
  UNIQUE KEY `name` (`name`)
) ENGINE=InnoDB AUTO_INCREMENT=4 DEFAULT CHARSET=utf8mb4 COLLATE=utf8mb4_0900_ai_ci;
/*!40101 SET character_set_client = @saved_cs_client */;

--
-- Dumping data for table `auth_group`
--

LOCK TABLES `auth_group` WRITE;
/*!40000 ALTER TABLE `auth_group` DISABLE KEYS */;
INSERT INTO `auth_group` VALUES (1,'admin'),(2,'docente'),(3,'estudiante');
/*!40000 ALTER TABLE `auth_group` ENABLE KEYS */;
UNLOCK TABLES;

--
-- Table structure for table `auth_group_permissions`
--

DROP TABLE IF EXISTS `auth_group_permissions`;
/*!40101 SET @saved_cs_client     = @@character_set_client */;
/*!50503 SET character_set_client = utf8mb4 */;
CREATE TABLE `auth_group_permissions` (
  `id` bigint NOT NULL AUTO_INCREMENT,
  `group_id` int NOT NULL,
  `permission_id` int NOT NULL,
  PRIMARY KEY (`id`),
  UNIQUE KEY `auth_group_permissions_group_id_permission_id_0cd325b0_uniq` (`group_id`,`permission_id`),
  KEY `auth_group_permissio_permission_id_84c5c92e_fk_auth_perm` (`permission_id`),
  CONSTRAINT `auth_group_permissio_permission_id_84c5c92e_fk_auth_perm` FOREIGN KEY (`permission_id`) REFERENCES `auth_permission` (`id`),
  CONSTRAINT `auth_group_permissions_group_id_b120cbf9_fk_auth_group_id` FOREIGN KEY (`group_id`) REFERENCES `auth_group` (`id`)
) ENGINE=InnoDB AUTO_INCREMENT=62 DEFAULT CHARSET=utf8mb4 COLLATE=utf8mb4_0900_ai_ci;
/*!40101 SET character_set_client = @saved_cs_client */;

--
-- Dumping data for table `auth_group_permissions`
--

LOCK TABLES `auth_group_permissions` WRITE;
/*!40000 ALTER TABLE `auth_group_permissions` DISABLE KEYS */;
INSERT INTO `auth_group_permissions` VALUES (1,1,1),(2,1,2),(3,1,3),(4,1,4),(5,1,5),(6,1,6),(7,1,7),(8,1,8),(9,1,9),(10,1,10),(11,1,11),(12,1,12),(13,1,13),(14,1,14),(15,1,15),(16,1,16),(17,1,17),(18,1,18),(19,1,19),(20,1,20),(21,1,21),(22,1,22),(23,1,23),(24,1,24),(25,1,25),(26,1,26),(27,1,27),(28,1,28),(29,1,29),(30,1,30),(31,1,31),(32,1,32),(33,1,33),(34,1,34),(35,1,35),(36,1,36),(37,1,37),(38,1,38),(39,1,39),(40,1,40),(41,1,41),(42,1,42),(43,1,43),(44,1,44),(45,1,45),(46,1,46),(47,1,47),(48,1,48),(55,2,26),(56,2,29),(57,2,30),(58,2,31),(49,2,32),(50,2,40),(51,2,45),(52,2,46),(53,2,47),(54,2,48),(61,3,29),(59,3,32),(60,3,48);
/*!40000 ALTER TABLE `auth_group_permissions` ENABLE KEYS */;
UNLOCK TABLES;

--
-- Table structure for table `auth_permission`
--

DROP TABLE IF EXISTS `auth_permission`;
/*!40101 SET @saved_cs_client     = @@character_set_client */;
/*!50503 SET character_set_client = utf8mb4 */;
CREATE TABLE `auth_permission` (
  `id` int NOT NULL AUTO_INCREMENT,
  `name` varchar(255) NOT NULL,
  `content_type_id` int NOT NULL,
  `codename` varchar(100) NOT NULL,
  PRIMARY KEY (`id`),
  UNIQUE KEY `auth_permission_content_type_id_codename_01ab375a_uniq` (`content_type_id`,`codename`),
  CONSTRAINT `auth_permission_content_type_id_2f476e4b_fk_django_co` FOREIGN KEY (`content_type_id`) REFERENCES `django_content_type` (`id`)
) ENGINE=InnoDB AUTO_INCREMENT=49 DEFAULT CHARSET=utf8mb4 COLLATE=utf8mb4_0900_ai_ci;
/*!40101 SET character_set_client = @saved_cs_client */;

--
-- Dumping data for table `auth_permission`
--

LOCK TABLES `auth_permission` WRITE;
/*!40000 ALTER TABLE `auth_permission` DISABLE KEYS */;
INSERT INTO `auth_permission` VALUES (1,'Can add log entry',1,'add_logentry'),(2,'Can change log entry',1,'change_logentry'),(3,'Can delete log entry',1,'delete_logentry'),(4,'Can view log entry',1,'view_logentry'),(5,'Can add permission',2,'add_permission'),(6,'Can change permission',2,'change_permission'),(7,'Can delete permission',2,'delete_permission'),(8,'Can view permission',2,'view_permission'),(9,'Can add group',3,'add_group'),(10,'Can change group',3,'change_group'),(11,'Can delete group',3,'delete_group'),(12,'Can view group',3,'view_group'),(13,'Can add user',4,'add_user'),(14,'Can change user',4,'change_user'),(15,'Can delete user',4,'delete_user'),(16,'Can view user',4,'view_user'),(17,'Can add content type',5,'add_contenttype'),(18,'Can change content type',5,'change_contenttype'),(19,'Can delete content type',5,'delete_contenttype'),(20,'Can view content type',5,'view_contenttype'),(21,'Can add session',6,'add_session'),(22,'Can change session',6,'change_session'),(23,'Can delete session',6,'delete_session'),(24,'Can view session',6,'view_session'),(25,'Can add docente',7,'add_docente'),(26,'Can change docente',7,'change_docente'),(27,'Can delete docente',7,'delete_docente'),(28,'Can view docente',7,'view_docente'),(29,'Can add documento',8,'add_documento'),(30,'Can change documento',8,'change_documento'),(31,'Can delete documento',8,'delete_documento'),(32,'Can view documento',8,'view_documento'),(33,'Can add estudiante',9,'add_estudiante'),(34,'Can change estudiante',9,'change_estudiante'),(35,'Can delete estudiante',9,'delete_estudiante'),(36,'Can view estudiante',9,'view_estudiante'),(37,'Can add gestion documentos',10,'add_gestiondocumentos'),(38,'Can change gestion documentos',10,'change_gestiondocumentos'),(39,'Can delete gestion documentos',10,'delete_gestiondocumentos'),(40,'Can view gestion documentos',10,'view_gestiondocumentos'),(41,'Can add usuario',11,'add_usuario'),(42,'Can change usuario',11,'change_usuario'),(43,'Can delete usuario',11,'delete_usuario'),(44,'Can view usuario',11,'view_usuario'),(45,'Can add resultado',12,'add_resultado'),(46,'Can change resultado',12,'change_resultado'),(47,'Can delete resultado',12,'delete_resultado'),(48,'Can view resultado',12,'view_resultado');
/*!40000 ALTER TABLE `auth_permission` ENABLE KEYS */;
UNLOCK TABLES;

--
-- Table structure for table `auth_user`
--

DROP TABLE IF EXISTS `auth_user`;
/*!40101 SET @saved_cs_client     = @@character_set_client */;
/*!50503 SET character_set_client = utf8mb4 */;
CREATE TABLE `auth_user` (
  `id` int NOT NULL AUTO_INCREMENT,
  `password` varchar(128) NOT NULL,
  `last_login` datetime(6) DEFAULT NULL,
  `is_superuser` tinyint(1) NOT NULL,
  `username` varchar(150) NOT NULL,
  `first_name` varchar(150) NOT NULL,
  `last_name` varchar(150) NOT NULL,
  `email` varchar(254) NOT NULL,
  `is_staff` tinyint(1) NOT NULL,
  `is_active` tinyint(1) NOT NULL,
  `date_joined` datetime(6) NOT NULL,
  PRIMARY KEY (`id`),
  UNIQUE KEY `username` (`username`)
) ENGINE=InnoDB AUTO_INCREMENT=25 DEFAULT CHARSET=utf8mb4 COLLATE=utf8mb4_0900_ai_ci;
/*!40101 SET character_set_client = @saved_cs_client */;

--
-- Dumping data for table `auth_user`
--

LOCK TABLES `auth_user` WRITE;
/*!40000 ALTER TABLE `auth_user` DISABLE KEYS */;
INSERT INTO `auth_user` VALUES (1,'pbkdf2_sha256$600000$z9sDwPX03DB2wPM7aCxrHz$zgssNny5d8UeBJFbqqTzXzBbeBn8om94Q+IgxdPGUkQ=','2023-08-03 16:04:08.213162',1,'admin','santiago','','santiago.roman@unl.edu.ec',1,1,'2023-06-26 07:42:53.000000'),(2,'pbkdf2_sha256$600000$nYt8q5aTwuHGIzDhPTYTvW$ETR0Y71LpNlTlzyjAr6W2aX1VszfHhNbMCL+EU8VPw4=','2023-06-27 06:37:36.535247',0,'usuario1','usuario1','usuario1','usuario1@usuario.com',0,1,'2023-06-26 17:08:41.140067'),(3,'pbkdf2_sha256$600000$WzsYUlZ7oXnDGBuLbqMc0U$ETjDNvKZqQxwcxx2BThwmkqICFwEBmvgOgi3YnzvhS4=',NULL,0,'usuario2','usuario2','usuario2','usuario2@usuario.com',0,1,'2023-06-27 02:23:50.579893'),(4,'pbkdf2_sha256$600000$1jcC8AjD4DAmym9GyYAWHO$79CKHDufaABPcMEGvHwOwR9qxgH49dzpcEIT4zfusXQ=',NULL,0,'usuario3','usuario3','usuario3','usuario3@usuario.com',0,1,'2023-06-27 02:25:19.681402'),(5,'pbkdf2_sha256$600000$KHCfWurYxw4oi2ftcaImg3$GdL9uvZ/CzH6+Z54/X21JbYmu2W7nTacKRqywy8FIjg=',NULL,0,'usuario4','usuario4','usuario4','usuario4@usuario.com',0,1,'2023-06-27 02:33:47.549624'),(6,'pbkdf2_sha256$600000$QSmVqqjPssf7RBPZyd0dyg$LTsS5TMiWV8SYWLxLUoxjByySgTj/YMOTqvF2xU4B8Y=','2023-06-27 02:55:37.084873',0,'usuario5','usuario5','usuario5','usuario5@usuario.com',0,1,'2023-06-27 02:55:25.275844'),(7,'pbkdf2_sha256$600000$E9AcFPjx2vEyPjbs2W7X9b$gyzIrO2HATqbzLLKBid5dSOR5ppn7gJM+XWUvBXukWc=','2023-06-28 13:05:19.303784',0,'usuario6','usuario6','usuario6','usuario6@usuario.com',0,1,'2023-06-28 12:59:53.221990'),(8,'pbkdf2_sha256$600000$44ykylhe27Dts3h9enqvsS$4W7j7MO8YhrfSlpgyHhcQDJ2wM/SUsYBa1TGw6RT4lY=','2023-06-29 16:17:39.831340',0,'usuario7','usuario7','usuario7','usuario7@usuario.com',0,1,'2023-06-28 13:02:22.623237'),(9,'pbkdf2_sha256$600000$0xkYmfBVUs83VxYvluTtUi$FaPS3sf/4h2xLKGTDYpLSMK0SmeyZ/6E3yutZBqmXSs=',NULL,0,'usuario8','usuario8','usuario8','usuario8@usuario.com',0,1,'2023-06-29 06:07:00.680363'),(10,'pbkdf2_sha256$600000$tu2tizVLF5i0PUn20DAA9E$NKb73s0fTThlT9S3FZW6PHrbCOOtZ5SAFPG1hijZ1wc=',NULL,0,'usuario9','usuario9','usuario9','usuario9@usuario.com',0,1,'2023-06-29 06:11:34.974714'),(11,'pbkdf2_sha256$600000$1TOofSe91RZaj3jJmGSk98$XHSUBXscZ/TDm4qe5vNA2TR9I44F0TDWM+67PewCRpE=',NULL,0,'usuario10','usuario10','usuario10','usuario10@usuario.com',0,1,'2023-06-29 06:34:01.119180'),(12,'pbkdf2_sha256$600000$oD5jnIXzSHZFIEni1jbUQh$B1Vn1quDc7liyBaBtLHrY39NsdCvRqzEev8LCN+XpGw=','2023-06-29 16:20:09.023294',0,'usuario11','usuario11','usuario11','usuario11@usuario.com',0,1,'2023-06-29 15:37:21.603147'),(13,'pbkdf2_sha256$600000$iOOn16m6A4PZT3UUyFqAQP$XZ5451+6nlrCwbpoOE/ZFObBwA5KczUHXIglxb4eGsE=','2023-07-20 04:57:32.900711',0,'estudiante1','estudiante1','estudiante1','estudiante1@usuario.com',0,1,'2023-06-29 15:40:49.660517'),(14,'pbkdf2_sha256$600000$KV1Hdvbiprtpdd0jJpMvmD$8qyTXQ+dpShUVg43ZDVRHFUJbsMUbf22IEirOgFD0hY=','2023-06-29 16:09:38.187221',0,'estudiante2','estudiante2','estudiante2','estudiante2@usuario.com',0,1,'2023-06-29 16:09:31.101467'),(15,'pbkdf2_sha256$600000$YpztNAxcExQXqjWNZcdKSE$k9/oDmNqHegk4wn8M2xw0ws6ijmncApTIufUnLxT/xE=',NULL,0,'docente1','docente1','docente1','docente1@usuario.com',0,1,'2023-06-29 16:13:07.903461'),(16,'pbkdf2_sha256$600000$CKM1FSCLpfTGWCK45SApTL$SlzM7SXW8uJit5ceG7qJTA/1WxgzqySQe1RsZ0YBK8g=','2023-07-11 17:27:12.420923',0,'estudiante3','estudiante3','estudiante3','estudiante3@usuario.com',0,1,'2023-07-04 18:42:41.977650'),(17,'pbkdf2_sha256$600000$LNXiJOgsMqX7QvFSU6nYZF$DWrkqYYVB5bNreXi7WYTvnaEGZhwshJCpge3952H2+U=','2023-08-03 16:25:43.220316',0,'docente2','docente2','docente2','docente2@usuario.com',0,1,'2023-07-04 19:12:50.170270'),(18,'pbkdf2_sha256$600000$5rMb6NUDWGYAhDdwK1fb2Q$XTJfmPu4M6hymPSh7/qgVyNv4zDjmDpvUzwdhI8Cgaw=','2023-07-20 05:06:45.684946',0,'estudiante4','estudiante4','estudiante4','estudiante4@usuario.com',0,1,'2023-07-05 14:15:02.133846'),(19,'pbkdf2_sha256$600000$flMKwz2iIFfWeDIbHGmZzl$ffUnHRpHGNwWw5zahMptEQWgRSVS3IU9JX8r8uVNi4o=','2023-07-11 17:24:11.367504',0,'estudiante5','estudiante5','estudiante5','estudiante5@usuario.com',0,1,'2023-07-05 14:18:28.980087'),(20,'pbkdf2_sha256$600000$BiGGWqH3m14dnR2nTJrptR$ZdGut6GXC8sOxAqx9GWPnbZP7nbRN0E25B07hPYIzuA=','2023-07-11 17:18:18.493647',0,'estudiante6','estudiante6','estudiante6','estudiante6@usuario.com',0,1,'2023-07-11 17:17:12.967288'),(21,'pbkdf2_sha256$600000$p0o51V0lrUYKJnDTrgKIyE$b6C82SeIEJoMqGT6pojF2hBVWqKNr7X0a3vPgBDAeLs=','2023-07-14 05:42:02.805798',0,'estudiante7','estudiante7','estudiante7','santiagorman1234@gmail.com',0,1,'2023-07-14 05:35:22.253049'),(22,'pbkdf2_sha256$600000$XG5uyS7VlK7r4tAXUhP7bT$75J/fmASr2oLNFitk+iOXQ7wSnBrOJpomEhBRONQu0A=',NULL,0,'estudiantenuevo','estudiantenuevo','estudiantenuevo','estudiantenuevo@usuario.com',0,1,'2023-07-19 14:24:59.598202'),(23,'pbkdf2_sha256$600000$o88IrxIvYPVtcwIhyhWREw$kGSvUjwj+wIECBUYda4mSttgITjfO9PEDjEFUeo/Xv4=',NULL,0,'nuevousuario','nuevousuario','nuevousuario','nuevousuario@usuario.com',0,1,'2023-07-19 14:35:06.038576'),(24,'pbkdf2_sha256$600000$bBvkpUwP3XbSQssvcGcDF6$Esau1+0T/DwQk12oU4yFoxGAb08QL5adOUmMj26kHjY=','2023-08-03 16:09:20.787750',0,'santi','santi','santi','santiagorman123@gmail.com',0,1,'2023-07-20 15:57:33.352953');
/*!40000 ALTER TABLE `auth_user` ENABLE KEYS */;
UNLOCK TABLES;

--
-- Table structure for table `auth_user_groups`
--

DROP TABLE IF EXISTS `auth_user_groups`;
/*!40101 SET @saved_cs_client     = @@character_set_client */;
/*!50503 SET character_set_client = utf8mb4 */;
CREATE TABLE `auth_user_groups` (
  `id` bigint NOT NULL AUTO_INCREMENT,
  `user_id` int NOT NULL,
  `group_id` int NOT NULL,
  PRIMARY KEY (`id`),
  UNIQUE KEY `auth_user_groups_user_id_group_id_94350c0c_uniq` (`user_id`,`group_id`),
  KEY `auth_user_groups_group_id_97559544_fk_auth_group_id` (`group_id`),
  CONSTRAINT `auth_user_groups_group_id_97559544_fk_auth_group_id` FOREIGN KEY (`group_id`) REFERENCES `auth_group` (`id`),
  CONSTRAINT `auth_user_groups_user_id_6a12ed8b_fk_auth_user_id` FOREIGN KEY (`user_id`) REFERENCES `auth_user` (`id`)
) ENGINE=InnoDB AUTO_INCREMENT=23 DEFAULT CHARSET=utf8mb4 COLLATE=utf8mb4_0900_ai_ci;
/*!40101 SET character_set_client = @saved_cs_client */;

--
-- Dumping data for table `auth_user_groups`
--

LOCK TABLES `auth_user_groups` WRITE;
/*!40000 ALTER TABLE `auth_user_groups` DISABLE KEYS */;
INSERT INTO `auth_user_groups` VALUES (1,1,1),(16,16,2),(2,17,2),(4,18,3),(5,19,3),(6,20,3),(7,21,3),(17,22,3),(18,23,3),(22,24,2);
/*!40000 ALTER TABLE `auth_user_groups` ENABLE KEYS */;
UNLOCK TABLES;

--
-- Table structure for table `auth_user_user_permissions`
--

DROP TABLE IF EXISTS `auth_user_user_permissions`;
/*!40101 SET @saved_cs_client     = @@character_set_client */;
/*!50503 SET character_set_client = utf8mb4 */;
CREATE TABLE `auth_user_user_permissions` (
  `id` bigint NOT NULL AUTO_INCREMENT,
  `user_id` int NOT NULL,
  `permission_id` int NOT NULL,
  PRIMARY KEY (`id`),
  UNIQUE KEY `auth_user_user_permissions_user_id_permission_id_14a6b632_uniq` (`user_id`,`permission_id`),
  KEY `auth_user_user_permi_permission_id_1fbb5f2c_fk_auth_perm` (`permission_id`),
  CONSTRAINT `auth_user_user_permi_permission_id_1fbb5f2c_fk_auth_perm` FOREIGN KEY (`permission_id`) REFERENCES `auth_permission` (`id`),
  CONSTRAINT `auth_user_user_permissions_user_id_a95ead1b_fk_auth_user_id` FOREIGN KEY (`user_id`) REFERENCES `auth_user` (`id`)
) ENGINE=InnoDB DEFAULT CHARSET=utf8mb4 COLLATE=utf8mb4_0900_ai_ci;
/*!40101 SET character_set_client = @saved_cs_client */;

--
-- Dumping data for table `auth_user_user_permissions`
--

LOCK TABLES `auth_user_user_permissions` WRITE;
/*!40000 ALTER TABLE `auth_user_user_permissions` DISABLE KEYS */;
/*!40000 ALTER TABLE `auth_user_user_permissions` ENABLE KEYS */;
UNLOCK TABLES;

--
-- Table structure for table `django_admin_log`
--

DROP TABLE IF EXISTS `django_admin_log`;
/*!40101 SET @saved_cs_client     = @@character_set_client */;
/*!50503 SET character_set_client = utf8mb4 */;
CREATE TABLE `django_admin_log` (
  `id` int NOT NULL AUTO_INCREMENT,
  `action_time` datetime(6) NOT NULL,
  `object_id` longtext,
  `object_repr` varchar(200) NOT NULL,
  `action_flag` smallint unsigned NOT NULL,
  `change_message` longtext NOT NULL,
  `content_type_id` int DEFAULT NULL,
  `user_id` int NOT NULL,
  PRIMARY KEY (`id`),
  KEY `django_admin_log_content_type_id_c4bce8eb_fk_django_co` (`content_type_id`),
  KEY `django_admin_log_user_id_c564eba6_fk_auth_user_id` (`user_id`),
  CONSTRAINT `django_admin_log_content_type_id_c4bce8eb_fk_django_co` FOREIGN KEY (`content_type_id`) REFERENCES `django_content_type` (`id`),
  CONSTRAINT `django_admin_log_user_id_c564eba6_fk_auth_user_id` FOREIGN KEY (`user_id`) REFERENCES `auth_user` (`id`),
  CONSTRAINT `django_admin_log_chk_1` CHECK ((`action_flag` >= 0))
) ENGINE=InnoDB AUTO_INCREMENT=13 DEFAULT CHARSET=utf8mb4 COLLATE=utf8mb4_0900_ai_ci;
/*!40101 SET character_set_client = @saved_cs_client */;

--
-- Dumping data for table `django_admin_log`
--

LOCK TABLES `django_admin_log` WRITE;
/*!40000 ALTER TABLE `django_admin_log` DISABLE KEYS */;
INSERT INTO `django_admin_log` VALUES (1,'2023-06-28 13:03:57.179777','8','usuario7',2,'[{\"changed\": {\"fields\": [\"password\"]}}]',4,1),(2,'2023-06-28 15:30:28.677469','8','Usuario object (8)',1,'[{\"added\": {}}]',11,1),(3,'2023-06-28 15:31:26.716447','7','Usuario object (7)',2,'[{\"changed\": {\"fields\": [\"Estado\"]}}]',11,1),(4,'2023-06-29 06:06:15.459376','1','admin',2,'[{\"changed\": {\"fields\": [\"First name\", \"Email address\"]}}]',4,1),(5,'2023-06-29 06:13:12.269985','8','Usuario object (8)',2,'[{\"changed\": {\"fields\": [\"Correo\"]}}]',11,1),(6,'2023-06-29 06:33:20.503213','8','Usuario object (8)',2,'[{\"changed\": {\"fields\": [\"Correo\"]}}]',11,1),(7,'2023-07-04 03:14:42.125022','1','Admin',1,'[{\"added\": {}}]',3,1),(8,'2023-07-04 03:14:52.679952','1','Admin',2,'[{\"changed\": {\"fields\": [\"Permissions\"]}}]',3,1),(9,'2023-07-04 03:15:41.022411','2','docente',1,'[{\"added\": {}}]',3,1),(10,'2023-07-04 03:15:45.983366','1','admin',2,'[{\"changed\": {\"fields\": [\"Name\"]}}]',3,1),(11,'2023-07-04 03:16:04.959740','3','estudiante',1,'[{\"added\": {}}]',3,1),(12,'2023-08-03 16:05:07.102703','24','santi',2,'[{\"changed\": {\"fields\": [\"password\"]}}]',4,1);
/*!40000 ALTER TABLE `django_admin_log` ENABLE KEYS */;
UNLOCK TABLES;

--
-- Table structure for table `django_content_type`
--

DROP TABLE IF EXISTS `django_content_type`;
/*!40101 SET @saved_cs_client     = @@character_set_client */;
/*!50503 SET character_set_client = utf8mb4 */;
CREATE TABLE `django_content_type` (
  `id` int NOT NULL AUTO_INCREMENT,
  `app_label` varchar(100) NOT NULL,
  `model` varchar(100) NOT NULL,
  PRIMARY KEY (`id`),
  UNIQUE KEY `django_content_type_app_label_model_76bd3d3b_uniq` (`app_label`,`model`)
) ENGINE=InnoDB AUTO_INCREMENT=13 DEFAULT CHARSET=utf8mb4 COLLATE=utf8mb4_0900_ai_ci;
/*!40101 SET character_set_client = @saved_cs_client */;

--
-- Dumping data for table `django_content_type`
--

LOCK TABLES `django_content_type` WRITE;
/*!40000 ALTER TABLE `django_content_type` DISABLE KEYS */;
INSERT INTO `django_content_type` VALUES (1,'admin','logentry'),(3,'auth','group'),(2,'auth','permission'),(4,'auth','user'),(5,'contenttypes','contenttype'),(7,'modelo','docente'),(8,'modelo','documento'),(9,'modelo','estudiante'),(10,'modelo','gestiondocumentos'),(12,'modelo','resultado'),(11,'modelo','usuario'),(6,'sessions','session');
/*!40000 ALTER TABLE `django_content_type` ENABLE KEYS */;
UNLOCK TABLES;

--
-- Table structure for table `django_migrations`
--

DROP TABLE IF EXISTS `django_migrations`;
/*!40101 SET @saved_cs_client     = @@character_set_client */;
/*!50503 SET character_set_client = utf8mb4 */;
CREATE TABLE `django_migrations` (
  `id` bigint NOT NULL AUTO_INCREMENT,
  `app` varchar(255) NOT NULL,
  `name` varchar(255) NOT NULL,
  `applied` datetime(6) NOT NULL,
  PRIMARY KEY (`id`)
) ENGINE=InnoDB AUTO_INCREMENT=26 DEFAULT CHARSET=utf8mb4 COLLATE=utf8mb4_0900_ai_ci;
/*!40101 SET character_set_client = @saved_cs_client */;

--
-- Dumping data for table `django_migrations`
--

LOCK TABLES `django_migrations` WRITE;
/*!40000 ALTER TABLE `django_migrations` DISABLE KEYS */;
INSERT INTO `django_migrations` VALUES (1,'contenttypes','0001_initial','2023-06-26 07:42:04.920730'),(2,'auth','0001_initial','2023-06-26 07:42:05.155683'),(3,'admin','0001_initial','2023-06-26 07:42:05.219905'),(4,'admin','0002_logentry_remove_auto_add','2023-06-26 07:42:05.226885'),(5,'admin','0003_logentry_add_action_flag_choices','2023-06-26 07:42:05.233867'),(6,'contenttypes','0002_remove_content_type_name','2023-06-26 07:42:05.278746'),(7,'auth','0002_alter_permission_name_max_length','2023-06-26 07:42:05.311658'),(8,'auth','0003_alter_user_email_max_length','2023-06-26 07:42:05.330609'),(9,'auth','0004_alter_user_username_opts','2023-06-26 07:42:05.337590'),(10,'auth','0005_alter_user_last_login_null','2023-06-26 07:42:05.367509'),(11,'auth','0006_require_contenttypes_0002','2023-06-26 07:42:05.370446'),(12,'auth','0007_alter_validators_add_error_messages','2023-06-26 07:42:05.376344'),(13,'auth','0008_alter_user_username_max_length','2023-06-26 07:42:05.407975'),(14,'auth','0009_alter_user_last_name_max_length','2023-06-26 07:42:05.437992'),(15,'auth','0010_alter_group_name_max_length','2023-06-26 07:42:05.452952'),(16,'auth','0011_update_proxy_permissions','2023-06-26 07:42:05.459909'),(17,'auth','0012_alter_user_first_name_max_length','2023-06-26 07:42:05.488716'),(18,'modelo','0001_initial','2023-06-26 07:42:05.664904'),(19,'sessions','0001_initial','2023-06-26 07:42:05.682458'),(20,'modelo','0002_rename_usuario_id_docente_usuario_and_more','2023-06-27 02:26:22.208386'),(21,'modelo','0003_gestiondocumentos_comentario_and_more','2023-06-28 12:54:28.649719'),(22,'modelo','0004_usuario_autorizado_alter_gestiondocumentos_docente','2023-07-04 19:12:03.944945'),(23,'modelo','0005_resultado_ejecutando','2023-07-06 04:23:37.669942'),(24,'modelo','0006_resultado_plagio','2023-07-19 02:52:42.486808'),(25,'modelo','0007_resultado_informacion','2023-07-19 13:49:26.759956');
/*!40000 ALTER TABLE `django_migrations` ENABLE KEYS */;
UNLOCK TABLES;

--
-- Table structure for table `django_session`
--

DROP TABLE IF EXISTS `django_session`;
/*!40101 SET @saved_cs_client     = @@character_set_client */;
/*!50503 SET character_set_client = utf8mb4 */;
CREATE TABLE `django_session` (
  `session_key` varchar(40) NOT NULL,
  `session_data` longtext NOT NULL,
  `expire_date` datetime(6) NOT NULL,
  PRIMARY KEY (`session_key`),
  KEY `django_session_expire_date_a5c62663` (`expire_date`)
) ENGINE=InnoDB DEFAULT CHARSET=utf8mb4 COLLATE=utf8mb4_0900_ai_ci;
/*!40101 SET character_set_client = @saved_cs_client */;

--
-- Dumping data for table `django_session`
--

LOCK TABLES `django_session` WRITE;
/*!40000 ALTER TABLE `django_session` DISABLE KEYS */;
INSERT INTO `django_session` VALUES ('9j08xbhwdlyilyukvw2xfe321h2wg407','.eJxVjMEOwiAQRP-FsyFsoSx49N5vIMBupWpoUtqT8d9tkx70Npn3Zt4ixG0tYWu8hInEVQCKy2-ZYn5yPQg9Yr3PMs91XaYkD0WetMlhJn7dTvfvoMRW9rX3aAg9gGH0nDDvoXPWQccAvTI6Kzv6qBBc1qjAWGc1eUqJeOyNFp8v1t42-w:1qM0Gy:FdNXlP9vLdV8hCyoUdYNQu0xGQAHIaMXP1K1fUTLZY4','2023-08-02 06:02:52.662292'),('g56f9nsqv9m4em2vgmbpo0q7lmfr12rp','.eJxVjEEOgjAQRe_StSEUKqUs3XuGZtoZpGrAtEWMhrtbtDFxN_-9P__FFvcEj9rTyYXowesM7o4W1r1YiHRjHct-YrsP0QgRkl5z7N2VwjfTI838fAIa5jjoOZDXDtMUl-wPGrAXGjeDZxhPU2GnMXpniq1SZBuK44R0PeTu38AAYUjfSkmBUnEuSCoy0qajapuWV8T5vhS1LZteQSl5a2tZctG0TY0KjUHq96Jm6xtniVs9:1qRb8x:qCTpNdzSiF65L8XQmVQMH_qvSm2PVH-RnCO7eqPxKkQ','2023-08-17 16:25:43.222268'),('nzr61pfyts53s9l9vzbcem7byagy5wbk','.eJxVjEEOgjAURO_StSFApaUs3XuG5rf_A1UCpi1iJNxdUGLCbmbe5M1scm_wqD01LkQPXu_D09HEqpmFSA9W9WPXnb5ZI0RYwbLX2nUUfp1eq-DP10HDGFs9BvLaIauYYIfNgL1TvwG8Qd8MiR366J1Jtkuy05BcB6Tusn8PghZCu2kJMi5SqNPCCsMFSIWShMhNmXFl0CIYnnKFQFmuCnWWdZaWZU1SFTYvcrZ8ADkkWfk:1qDyrh:rVqjc14hj6-yZb5ENlHd2Hgwhm-Ms7zcGv0fnbauhXQ','2023-07-11 02:55:37.085828');
/*!40000 ALTER TABLE `django_session` ENABLE KEYS */;
UNLOCK TABLES;

--
-- Temporary view structure for view `docentes`
--

DROP TABLE IF EXISTS `docentes`;
/*!50001 DROP VIEW IF EXISTS `docentes`*/;
SET @saved_cs_client     = @@character_set_client;
/*!50503 SET character_set_client = utf8mb4 */;
/*!50001 CREATE VIEW `docentes` AS SELECT 
 1 AS `nombres`,
 1 AS `apellidos`,
 1 AS `correo`,
 1 AS `docente_id`*/;
SET character_set_client = @saved_cs_client;

--
-- Table structure for table `modelo_docente`
--

DROP TABLE IF EXISTS `modelo_docente`;
/*!40101 SET @saved_cs_client     = @@character_set_client */;
/*!50503 SET character_set_client = utf8mb4 */;
CREATE TABLE `modelo_docente` (
  `docente_id` int NOT NULL AUTO_INCREMENT,
  `usuario_id` int NOT NULL,
  PRIMARY KEY (`docente_id`),
  KEY `modelo_docente_usuario_id_69cfc5ea_fk_modelo_usuario_usuario_id` (`usuario_id`),
  CONSTRAINT `modelo_docente_usuario_id_69cfc5ea_fk_modelo_usuario_usuario_id` FOREIGN KEY (`usuario_id`) REFERENCES `modelo_usuario` (`usuario_id`)
) ENGINE=InnoDB AUTO_INCREMENT=15 DEFAULT CHARSET=utf8mb4 COLLATE=utf8mb4_0900_ai_ci;
/*!40101 SET character_set_client = @saved_cs_client */;

--
-- Dumping data for table `modelo_docente`
--

LOCK TABLES `modelo_docente` WRITE;
/*!40000 ALTER TABLE `modelo_docente` DISABLE KEYS */;
INSERT INTO `modelo_docente` VALUES (1,7),(2,10),(3,11),(4,12),(5,15),(13,16),(6,17),(14,24);
/*!40000 ALTER TABLE `modelo_docente` ENABLE KEYS */;
UNLOCK TABLES;

--
-- Table structure for table `modelo_documento`
--

DROP TABLE IF EXISTS `modelo_documento`;
/*!40101 SET @saved_cs_client     = @@character_set_client */;
/*!50503 SET character_set_client = utf8mb4 */;
CREATE TABLE `modelo_documento` (
  `documento_id` int NOT NULL AUTO_INCREMENT,
  `archivo` varchar(100) NOT NULL,
  `fecha_subida` datetime(6) NOT NULL,
  `tipo` varchar(50) NOT NULL,
  `estado` tinyint(1) NOT NULL,
  `visible` tinyint(1) NOT NULL,
  PRIMARY KEY (`documento_id`)
) ENGINE=InnoDB AUTO_INCREMENT=121 DEFAULT CHARSET=utf8mb4 COLLATE=utf8mb4_0900_ai_ci;
/*!40101 SET character_set_client = @saved_cs_client */;

--
-- Dumping data for table `modelo_documento`
--

LOCK TABLES `modelo_documento` WRITE;
/*!40000 ALTER TABLE `modelo_documento` DISABLE KEYS */;
INSERT INTO `modelo_documento` VALUES (1,'pdfs/Taller_2.pdf','2023-06-27 06:40:31.900740','pdf',1,1),(2,'pdfs/Memoria_Tesis.pdf','2023-06-28 13:14:36.036542','pdf',1,1),(3,'pdfs/Memoria_Tesis_ySP7Ryw.pdf','2023-06-28 13:19:16.602569','pdf',1,1),(4,'pdfs/Memoria_Tesis_7VbzU9c.pdf','2023-06-28 13:19:55.500283','pdf',1,1),(5,'pdfs/Memoria_Tesis_mDvOgnn.pdf','2023-06-28 13:20:03.296703','pdf',1,1),(6,'pdfs/Memoria_Tesis_2DtcdTr.pdf','2023-06-28 13:23:51.494942','pdf',1,1),(7,'pdfs/Taller_2_0MEEgvb.pdf','2023-06-28 13:30:54.731940','pdf',1,1),(8,'pdfs/Taller_2_uKCAh8V.pdf','2023-06-28 13:32:22.063550','pdf',1,1),(9,'pdfs/Taller_1.pdf','2023-06-28 13:34:42.426929','pdf',1,1),(10,'pdfs/Taller_1_SyWGfl8.pdf','2023-06-28 13:38:25.928571','pdf',1,1),(11,'pdfs/transporte_2_0JFbOrv.pdf','2023-06-29 15:41:14.959634','pdf',1,1),(12,'pdfs/Unidad_5_2X10Lwk.pdf','2023-06-29 15:43:26.036699','pdf',1,1),(13,'pdfs/Protocolos_de_la_capa_de_transporte_IZXO4Ys.pdf','2023-06-29 15:45:24.516312','pdf',1,1),(14,'pdfs/7-cervilla-puente-como-reconstruir-las-fronteras-xv-empresas-innovadoras-abr-jun-2010.pdf','2023-06-29 16:09:52.022663','pdf',1,1),(15,'pdfs/2212.06933.pdf','2023-07-04 19:40:05.163222','pdf',1,0),(16,'pdfs/justificacion.pdf','2023-07-04 21:06:05.025143','pdf',1,1),(18,'pdfs/justificacion_Tutorias.pdf','2023-07-04 22:01:49.935901','pdf',1,0),(19,'pdfs/doc1.pdf','2023-07-05 13:32:29.220726','pdf',1,0),(20,'pdfs/doc2.pdf','2023-07-05 13:32:40.287688','pdf',1,1),(21,'pdfs/doc2_53zJeXY.pdf','2023-07-05 14:19:22.422766','pdf',1,0),(26,'pdfs/doc4.pdf','2023-07-05 15:11:03.373554','pdf',1,1),(27,'pdfs/CloudCPlagio.pdf','2023-07-06 04:28:33.684763','pdf',1,0),(28,'pdfs/MetdologiasAPlagio.pdf','2023-07-07 15:46:20.239357','pdf',1,0),(29,'pdfs/SeguridadIPlagio.pdf','2023-07-07 15:50:26.486234','pdf',1,0),(30,'pdfs/SeguridadIPlagio_64Fj4jh.pdf','2023-07-07 16:15:33.510051','pdf',1,0),(31,'pdfs/SeguridadIPlagio_7ndmhay.pdf','2023-07-07 16:18:27.837643','pdf',1,0),(32,'pdfs/SeguridadIPlagio_E5maHnE.pdf','2023-07-07 16:19:48.800203','pdf',1,0),(33,'pdfs/SeguridadIPlagio_gtkTwcZ.pdf','2023-07-07 16:24:18.770152','pdf',1,0),(34,'pdfs/SeguridadIPlagio_gBCg19c.pdf','2023-07-07 16:35:10.507815','pdf',1,0),(35,'pdfs/SeguridadIPlagio_7dihij3.pdf','2023-07-07 16:55:47.230852','pdf',1,0),(36,'pdfs/SeguridadIPlagio_NDZJYpR.pdf','2023-07-07 17:12:42.921552','pdf',1,0),(37,'pdfs/SeguridadIPlagio_CgbvUZj.pdf','2023-07-07 17:52:20.915082','pdf',1,0),(38,'pdfs/SeguridadIPlagio_JblyIwc.pdf','2023-07-11 17:18:39.823577','pdf',1,1),(39,'pdfs/Getting_Started_with_Writing_and_Publishing_Your_Research_2023_-_Pass.pdf','2023-07-11 17:19:52.714939','pdf',1,1),(40,'pdfs/MetdologiasAPlagio_yqzTA1D.pdf','2023-07-14 05:42:10.958508','pdf',1,0),(41,'pdfs/CloudCPlagio_i4TubBH.pdf','2023-07-18 17:20:25.859152','pdf',1,0),(42,'pdfs/MetdologiasAPlagio_VIOzsbZ.pdf','2023-07-18 20:45:49.961829','pdf',1,0),(43,'pdfs/SeguridadIPlagio_nJQZHOz.pdf','2023-07-18 20:49:53.879456','pdf',1,0),(44,'pdfs/SeguridadIPlagio_mEB3nSu.pdf','2023-07-18 20:55:07.069799','pdf',1,0),(45,'pdfs/MetdologiasAPlagio_rlvNJCx.pdf','2023-07-18 20:55:46.849419','pdf',1,0),(46,'pdfs/MetdologiasAPlagio_oxjzKrG.pdf','2023-07-18 21:10:17.168025','pdf',1,0),(47,'pdfs/SeguridadIPlagio_uxlSx3s.pdf','2023-07-18 21:18:49.003118','pdf',1,0),(48,'pdfs/CloudCPlagio_t5XSgB3.pdf','2023-07-19 06:10:42.635077','pdf',1,0),(49,'pdfs/MetdologiasAPlagio_XCpyP6c.pdf','2023-07-19 13:49:45.400395','pdf',1,0),(50,'pdfs/MetdologiasAPlagio_epxyeao.pdf','2023-07-19 15:51:52.392798','pdf',1,0),(51,'pdfs/MetdologiasAPlagio_Wp0Bdlk.pdf','2023-07-19 16:18:04.586326','pdf',1,0),(52,'pdfs/SeguridadIPlagio_EiqSIdW.pdf','2023-07-19 16:24:51.824858','pdf',1,0),(53,'pdfs/SeguridadIPlagio_OPJXRCI.pdf','2023-07-19 16:37:41.350226','pdf',1,0),(54,'pdfs/MetdologiasAPlagio_DayG5VB.pdf','2023-07-19 16:45:13.500564','pdf',1,0),(55,'pdfs/CloudCPlagio_MWh8ujP.pdf','2023-07-19 16:51:30.520205','pdf',1,0),(56,'pdfs/CloudCPlagio_GdwuG0l.pdf','2023-07-20 05:07:39.832469','pdf',1,1),(57,'pdfs/SeguridadIPlagio_dL07Fkj.pdf','2023-07-20 15:59:09.830940','pdf',1,1),(58,'pdfs/MetdologiasAPlagio_jZtROEH.pdf','2023-07-20 16:01:41.317403','pdf',1,0),(60,'pdfs/SeguridadIPlagio_nvEa4Jm.pdf','2023-07-21 17:05:37.692585','pdf',1,0),(61,'pdfs/MetdologiasAPlagio_OGE318e.pdf','2023-07-21 17:10:12.849684','pdf',1,0),(62,'pdfs/CloudCPlagio_fU6R6eX.pdf','2023-07-24 16:10:55.303699','pdf',1,0),(63,'pdfs/1.pdf','2023-07-26 15:01:20.181019','pdf',1,0),(64,'pdfs/1_7NYBgcF.pdf','2023-07-26 15:03:39.658713','pdf',1,0),(65,'pdfs/1_tILdLkf.pdf','2023-07-26 16:08:08.078285','pdf',1,0),(66,'pdfs/1_V0YD6mg.pdf','2023-07-26 16:14:33.470475','pdf',1,0),(67,'pdfs/1_Y67AkYO.pdf','2023-07-26 16:57:41.118489','pdf',1,0),(68,'pdfs/1_DPGskv1.pdf','2023-07-26 17:10:19.506719','pdf',1,0),(69,'pdfs/1_w6LUgHu.pdf','2023-07-26 17:28:48.473788','pdf',1,0),(70,'pdfs/1_UNA6iIV.pdf','2023-07-26 17:40:53.347659','pdf',1,0),(71,'pdfs/2.pdf','2023-07-26 17:46:57.985996','pdf',1,0),(72,'pdfs/2_aqYWXuc.pdf','2023-07-26 18:38:40.738611','pdf',1,0),(73,'pdfs/2_RkQz8gR.pdf','2023-07-26 18:39:17.594018','pdf',1,0),(74,'pdfs/2_iwIORNj.pdf','2023-07-26 18:43:33.995526','pdf',1,0),(75,'pdfs/2_TYMvWL7.pdf','2023-07-26 18:44:15.898102','pdf',1,0),(76,'pdfs/2_sO2i6wg.pdf','2023-07-26 18:45:30.247969','pdf',1,0),(77,'pdfs/2_0wHYLqc.pdf','2023-07-27 00:11:47.512472','pdf',1,0),(78,'pdfs/1_HEyhj3e.pdf','2023-07-27 00:21:25.056867','pdf',1,0),(79,'pdfs/1_prdf6h8.pdf','2023-07-27 00:23:10.623822','pdf',1,0),(80,'pdfs/1_ZRpflMh.pdf','2023-07-27 00:24:02.482396','pdf',1,0),(81,'pdfs/1_p1RIsvc.pdf','2023-07-27 00:26:16.406385','pdf',1,0),(82,'pdfs/1_DP5NWYc.pdf','2023-07-27 00:27:37.641958','pdf',1,0),(83,'pdfs/SeguridadIPlagio_cvIYYIB.pdf','2023-07-31 03:44:54.632981','pdf',1,0),(84,'pdfs/SeguridadIPlagio_GrGeFrR.pdf','2023-07-31 03:50:22.622083','pdf',1,0),(85,'pdfs/MetdologiasAPlagio_wb10ucj.pdf','2023-07-31 03:54:12.148073','pdf',1,0),(86,'pdfs/SeguridadIPlagio_1xczMo8.pdf','2023-08-01 12:51:45.979983','pdf',1,0),(87,'pdfs/SeguridadIPlagio_ZGfUJHY.pdf','2023-08-01 13:03:55.503435','pdf',1,0),(88,'pdfs/SeguridadIPlagio_dLOoJH7.pdf','2023-08-01 13:53:43.773211','pdf',1,0),(89,'pdfs/SeguridadIPlagio_0jJZ6Xv.pdf','2023-08-01 14:02:47.843998','pdf',1,0),(90,'pdfs/SeguridadIPlagio_uP5NCmF.pdf','2023-08-01 14:08:12.225955','pdf',1,0),(91,'pdfs/MetdologiasAPlagio_yyuKbwD.pdf','2023-08-01 14:21:07.686681','pdf',1,0),(92,'pdfs/MetdologiasAPlagio_oS26TFv.pdf','2023-08-01 14:23:19.534808','pdf',1,0),(93,'pdfs/MetdologiasAPlagio_mVOit0p.pdf','2023-08-01 14:32:29.356420','pdf',1,0),(94,'pdfs/SeguridadIPlagio_5ZjCSNh.pdf','2023-08-01 14:34:36.460197','pdf',1,0),(95,'pdfs/SeguridadIPlagio_xgN5yaQ.pdf','2023-08-01 14:56:35.259605','pdf',1,0),(96,'pdfs/SeguridadIPlagio_GikhY7k.pdf','2023-08-01 14:57:52.781886','pdf',1,0),(97,'pdfs/SeguridadIPlagio_t9TVmjt.pdf','2023-08-01 14:59:44.769055','pdf',1,0),(98,'pdfs/SeguridadIPlagio_4ieg1V4.pdf','2023-08-01 15:02:26.631223','pdf',1,0),(99,'pdfs/SeguridadIPlagio_tIRwwOe.pdf','2023-08-01 16:44:21.182889','pdf',1,0),(100,'pdfs/SeguridadIPlagio_Qi2WP5e.pdf','2023-08-01 16:55:02.069043','pdf',1,0),(101,'pdfs/SeguridadIPlagio_8qLsyaR.pdf','2023-08-01 16:57:16.638944','pdf',1,0),(102,'pdfs/SeguridadIPlagio_B7Ykf4v.pdf','2023-08-01 17:00:08.244048','pdf',1,0),(103,'pdfs/MetdologiasAPlagio_mw6oLFS.pdf','2023-08-01 17:03:36.312020','pdf',1,0),(104,'pdfs/SeguridadIPlagio_q1PzS2p.pdf','2023-08-01 17:06:13.654868','pdf',1,0),(105,'pdfs/SeguridadIPlagio_H905axA.pdf','2023-08-01 18:08:55.851494','pdf',1,0),(106,'pdfs/SeguridadIPlagio_gTFA4FS.pdf','2023-08-01 18:10:26.475710','pdf',1,0),(107,'pdfs/MetdologiasAPlagio_iAeyeDx.pdf','2023-08-02 13:23:44.277146','pdf',1,0),(108,'pdfs/CloudCPlagio_l8nelbe.pdf','2023-08-02 13:25:34.514173','pdf',1,0),(109,'pdfs/SeguridadIPlagio_f8KNESl.pdf','2023-08-02 13:34:50.953351','pdf',1,0),(110,'pdfs/SeguridadIPlagio_4GW87BD.pdf','2023-08-02 13:43:32.649436','pdf',1,0),(111,'pdfs/MetdologiasAPlagio_XyVnOq2.pdf','2023-08-02 13:56:03.562403','pdf',1,0),(112,'pdfs/SeguridadIPlagio_9SqU58x.pdf','2023-08-02 13:58:17.171164','pdf',1,0),(113,'pdfs/SeguridadIPlagio_5jIZBYe.pdf','2023-08-02 13:59:08.258784','pdf',1,0),(114,'pdfs/SeguridadIPlagio_uZB83Id.pdf','2023-08-02 14:01:34.949764','pdf',1,0),(115,'pdfs/MetdologiasAPlagio_BFODJdN.pdf','2023-08-02 14:02:46.298952','pdf',1,0),(116,'pdfs/SeguridadIPlagio_KxpDAIF.pdf','2023-08-02 14:15:01.045520','pdf',0,0),(117,'pdfs/MetdologiasAPlagio_ZBwcg6q.pdf','2023-08-03 16:02:55.059372','pdf',1,1),(118,'pdfs/SeguridadIPlagio_CAiv7HO.pdf','2023-08-03 16:05:50.478634','pdf',0,1),(119,'pdfs/MetdologiasAPlagio_NUVoVeq.pdf','2023-08-03 16:11:22.471821','pdf',0,0),(120,'pdfs/SeguridadIPlagio_mOnlg2m.pdf','2023-08-03 16:15:08.865576','pdf',0,1);
/*!40000 ALTER TABLE `modelo_documento` ENABLE KEYS */;
UNLOCK TABLES;

--
-- Table structure for table `modelo_estudiante`
--

DROP TABLE IF EXISTS `modelo_estudiante`;
/*!40101 SET @saved_cs_client     = @@character_set_client */;
/*!50503 SET character_set_client = utf8mb4 */;
CREATE TABLE `modelo_estudiante` (
  `estudiante_id` int NOT NULL AUTO_INCREMENT,
  `usuario_id` int NOT NULL,
  PRIMARY KEY (`estudiante_id`),
  KEY `modelo_estudiante_usuario_id_30e9e53a_fk_modelo_us` (`usuario_id`),
  CONSTRAINT `modelo_estudiante_usuario_id_30e9e53a_fk_modelo_us` FOREIGN KEY (`usuario_id`) REFERENCES `modelo_usuario` (`usuario_id`)
) ENGINE=InnoDB AUTO_INCREMENT=25 DEFAULT CHARSET=utf8mb4 COLLATE=utf8mb4_0900_ai_ci;
/*!40101 SET character_set_client = @saved_cs_client */;

--
-- Dumping data for table `modelo_estudiante`
--

LOCK TABLES `modelo_estudiante` WRITE;
/*!40000 ALTER TABLE `modelo_estudiante` DISABLE KEYS */;
INSERT INTO `modelo_estudiante` VALUES (1,4),(2,5),(3,6),(4,13),(5,14),(10,18),(12,19),(13,20),(21,23);
/*!40000 ALTER TABLE `modelo_estudiante` ENABLE KEYS */;
UNLOCK TABLES;

--
-- Table structure for table `modelo_gestiondocumentos`
--

DROP TABLE IF EXISTS `modelo_gestiondocumentos`;
/*!40101 SET @saved_cs_client     = @@character_set_client */;
/*!50503 SET character_set_client = utf8mb4 */;
CREATE TABLE `modelo_gestiondocumentos` (
  `gestion_id` int NOT NULL AUTO_INCREMENT,
  `docente_id` int DEFAULT NULL,
  `documento_id` int NOT NULL,
  `estudiante_id` int DEFAULT NULL,
  `comentario` varchar(70) DEFAULT NULL,
  `titulo` varchar(70) DEFAULT NULL,
  PRIMARY KEY (`gestion_id`),
  KEY `modelo_gestiondocume_documento_id_8069454f_fk_modelo_do` (`documento_id`),
  KEY `modelo_gestiondocume_estudiante_id_1a69aae2_fk_modelo_es` (`estudiante_id`),
  KEY `modelo_gestiondocume_docente_id_1a48db36_fk_modelo_do` (`docente_id`),
  CONSTRAINT `modelo_gestiondocume_docente_id_1a48db36_fk_modelo_do` FOREIGN KEY (`docente_id`) REFERENCES `modelo_docente` (`docente_id`),
  CONSTRAINT `modelo_gestiondocume_documento_id_8069454f_fk_modelo_do` FOREIGN KEY (`documento_id`) REFERENCES `modelo_documento` (`documento_id`),
  CONSTRAINT `modelo_gestiondocume_estudiante_id_1a69aae2_fk_modelo_es` FOREIGN KEY (`estudiante_id`) REFERENCES `modelo_estudiante` (`estudiante_id`)
) ENGINE=InnoDB AUTO_INCREMENT=112 DEFAULT CHARSET=utf8mb4 COLLATE=utf8mb4_0900_ai_ci;
/*!40101 SET character_set_client = @saved_cs_client */;

--
-- Dumping data for table `modelo_gestiondocumentos`
--

LOCK TABLES `modelo_gestiondocumentos` WRITE;
/*!40000 ALTER TABLE `modelo_gestiondocumentos` DISABLE KEYS */;
INSERT INTO `modelo_gestiondocumentos` VALUES (1,1,10,3,'Este es el documento a analizar','Taller 1'),(2,4,12,4,'Este es el documento a analizar','Taller 2'),(3,4,13,4,'Este es el documento a analizar','Taller 3'),(4,2,14,5,'Este es el documento a analizar 4','Taller 4'),(5,2,14,5,'Este es el documento a analizar 4','Taller 4'),(10,6,19,NULL,'',''),(11,6,20,NULL,'',''),(12,6,21,12,'envio2','envio2'),(17,NULL,26,12,'',''),(18,6,27,NULL,'',''),(19,6,28,NULL,'',''),(20,6,29,NULL,'',''),(21,6,30,NULL,'',''),(22,6,31,NULL,'',''),(23,6,32,NULL,'',''),(24,6,33,NULL,'',''),(25,6,34,NULL,'',''),(26,6,35,NULL,'',''),(27,6,36,NULL,'',''),(28,6,37,NULL,'',''),(29,NULL,38,13,'',''),(30,6,39,NULL,'',''),(31,6,40,NULL,'Este es el documento a analizar','Taller 1'),(32,6,41,NULL,'',''),(33,6,42,NULL,'',''),(34,6,43,NULL,'',''),(35,6,44,NULL,'',''),(36,6,45,NULL,'',''),(37,6,46,NULL,'',''),(38,6,47,NULL,'',''),(39,6,48,NULL,'',''),(40,6,49,NULL,'',''),(41,6,50,NULL,'',''),(42,6,51,NULL,'',''),(43,6,52,NULL,'',''),(44,6,53,NULL,'',''),(45,6,54,NULL,'',''),(46,6,55,NULL,'',''),(47,NULL,56,10,'',''),(48,6,57,NULL,'',''),(49,6,58,NULL,'Prueba3','Prueba3'),(51,6,60,NULL,'',''),(52,6,61,NULL,'',''),(53,6,62,NULL,'',''),(54,6,63,NULL,'',''),(55,6,64,NULL,'',''),(56,6,65,NULL,'',''),(57,6,66,NULL,'',''),(58,6,67,NULL,'',''),(59,6,68,NULL,'',''),(60,6,69,NULL,'',''),(61,6,70,NULL,'',''),(62,6,71,NULL,'',''),(63,6,72,NULL,'',''),(64,6,73,NULL,'',''),(65,6,74,NULL,'',''),(66,6,75,NULL,'',''),(67,6,76,NULL,'',''),(68,6,77,NULL,'',''),(69,6,78,NULL,'',''),(70,6,79,NULL,'',''),(71,6,80,NULL,'',''),(72,6,81,NULL,'',''),(73,6,82,NULL,'',''),(74,6,83,NULL,'',''),(75,6,84,NULL,'',''),(76,6,85,NULL,'',''),(77,6,86,NULL,'',''),(78,6,87,NULL,'',''),(79,6,88,NULL,'',''),(80,6,89,NULL,'',''),(81,6,90,NULL,'',''),(82,6,91,NULL,'',''),(83,6,92,NULL,'',''),(84,6,93,NULL,'',''),(85,6,94,NULL,'',''),(86,6,95,NULL,'',''),(87,6,96,NULL,'',''),(88,6,97,NULL,'',''),(89,6,98,NULL,'',''),(90,6,99,NULL,'',''),(91,6,100,NULL,'',''),(92,6,101,NULL,'',''),(93,6,102,NULL,'',''),(94,6,103,NULL,'',''),(95,6,104,NULL,'',''),(96,6,105,NULL,'',''),(97,6,106,NULL,'',''),(98,6,107,NULL,'',''),(99,6,108,NULL,'',''),(100,6,109,NULL,'',''),(101,6,110,NULL,'',''),(102,6,111,NULL,'',''),(103,6,112,NULL,'',''),(104,6,113,NULL,'',''),(105,6,114,NULL,'',''),(106,6,115,NULL,'',''),(107,6,116,NULL,'',''),(108,NULL,117,NULL,'',''),(109,14,118,NULL,'',''),(110,6,119,NULL,'',''),(111,6,120,NULL,'','');
/*!40000 ALTER TABLE `modelo_gestiondocumentos` ENABLE KEYS */;
UNLOCK TABLES;

--
-- Table structure for table `modelo_resultado`
--

DROP TABLE IF EXISTS `modelo_resultado`;
/*!40101 SET @saved_cs_client     = @@character_set_client */;
/*!50503 SET character_set_client = utf8mb4 */;
CREATE TABLE `modelo_resultado` (
  `resultado_id` int NOT NULL AUTO_INCREMENT,
  `archivo` varchar(100) NOT NULL,
  `fecha_subida` datetime(6) NOT NULL,
  `estado` tinyint(1) NOT NULL,
  `management_id` int NOT NULL,
  `ejecutando` tinyint(1) NOT NULL,
  `plagio` json NOT NULL DEFAULT (_utf8mb3'[]'),
  `informacion` json NOT NULL DEFAULT (_utf8mb3'{}'),
  PRIMARY KEY (`resultado_id`),
  KEY `modelo_resultado_management_id_f3ff11cd_fk_modelo_ge` (`management_id`),
  CONSTRAINT `modelo_resultado_management_id_f3ff11cd_fk_modelo_ge` FOREIGN KEY (`management_id`) REFERENCES `modelo_gestiondocumentos` (`gestion_id`)
) ENGINE=InnoDB AUTO_INCREMENT=105 DEFAULT CHARSET=utf8mb4 COLLATE=utf8mb4_0900_ai_ci;
/*!40101 SET character_set_client = @saved_cs_client */;

--
-- Dumping data for table `modelo_resultado`
--

LOCK TABLES `modelo_resultado` WRITE;
/*!40000 ALTER TABLE `modelo_resultado` DISABLE KEYS */;
INSERT INTO `modelo_resultado` VALUES (1,'resultados/Plagio_Taller_1_SyWGfl8_aOE2C4Y.pdf','2023-06-28 14:41:48.305055',1,1,0,'[]','{}'),(2,'resultados/Plagio_Protocolos_de_la_capa_de_transporte_IZXO4Ys.pdf','2023-06-29 15:50:37.255651',1,2,0,'[]','{}'),(3,'resultados/Plagio_Protocolos_de_la_capa_de_transporte_IZXO4Ys_DnBZbq5.pdf','2023-06-29 15:58:55.982742',1,3,0,'[]','{}'),(7,'resultados/Plagio_doc1.pdf','2023-07-05 13:33:30.277516',1,10,0,'[]','{}'),(8,'resultados/Plagio_doc2_53zJeXY.pdf','2023-07-05 14:19:53.501139',1,12,0,'[]','{}'),(11,'resultados/Plagio_CloudCPlagio.pdf','2023-07-06 04:28:41.881601',1,18,0,'[]','{}'),(12,'resultados/Plagio_MetdologiasAPlagio.pdf','2023-07-07 15:46:22.070461',1,19,0,'[]','{}'),(20,'','2023-07-07 17:12:44.455437',0,27,1,'[]','{}'),(21,'','2023-07-07 17:52:22.292608',0,28,1,'[]','{}'),(22,'resultados/Plagio_SeguridadIPlagio_JblyIwc.pdf','2023-07-11 17:18:43.924691',1,29,0,'[]','{}'),(23,'resultados/Plagio_MetdologiasAPlagio_yqzTA1D.pdf','2023-07-14 05:53:04.737802',1,31,0,'[]','{}'),(24,'resultados/Plagio_CloudCPlagio_i4TubBH.pdf','2023-07-18 17:25:54.503511',1,32,0,'[]','{}'),(25,'resultados/Plagio_MetdologiasAPlagio_VIOzsbZ.pdf','2023-07-18 20:45:52.324124',1,33,0,'[]','{}'),(26,'resultados/Plagio_SeguridadIPlagio_nJQZHOz.pdf','2023-07-18 20:49:55.570792',1,34,0,'[]','{}'),(27,'','2023-07-18 21:32:19.171826',0,38,1,'[]','{}'),(30,'resultados/Plagio_CloudCPlagio_t5XSgB3.pdf','2023-07-19 06:10:45.382971',1,39,0,'[[\"A traves de servicios en la nube, como el almacenamiento en la nube y la infraestructura como servicio (IaaS), los usuarios pueden acceder a sus datos y aplicaciones desde cualquier lugar con conexion a Internet\", \"A traves de servicios en la nube, como el almacenamiento en la nube y la infraestructura como servicio (IaaS), los usuarios pueden acceder a sus datos y aplicaciones desde cualquier lugar con conexion a Internet\", 0.9999999999999998, \"CloudCOriginal.pdf\", \"(66, 105)\"], [\"Esto proporciona una mayor flexibilidad y eficiencia en el uso de los recursos informaticos\", \"Esto proporciona una mayor flexibilidad y eficiencia en la utilizacion de los recursos informaticos\", 0.8749999999999998, \"CloudCOriginal.pdf\", \"(145, 159)\"], [\"Los usuarios tienen la capacidad de aumentar o disminuir la capacidad de almacenamiento y poder de procesamiento de acuerdo con sus necesidades cambiantes, sin tener que realizar inversiones en hardware adicional\", \"Los usuarios pueden aumentar o disminuir la capacidad de almacenamiento y potencia de procesamiento segun sus necesidades cambiantes, sin tener que invertir en hardware adicional\", 0.7456011350793257, \"CloudCOriginal.pdf\", \"(119, 145)\"], [\"Esto brinda una mayor confiabilidad y seguridad en la proteccion de los datos\", \"Esto proporciona una mayor confiabilidad y seguridad en la proteccion de datos\", 0.857142857142857, \"CloudCOriginal.pdf\", \"(207, 219)\"], [\"La computacion en la nube tambien ha impulsado la colaboracion y la productividad\", \"La computacion en la nube tambien ha impulsado la colaboracion y la productividad\", 1.0, \"CloudCOriginal.pdf\", \"(219, 232)\"], [\"Los usuarios pueden compartir facilmente documentos y trabajar de forma colaborativa en tiempo real, mejorando asi la eficiencia y la comunicacion en los proyectos\", \"Los usuarios pueden compartir facilmente documentos y trabajar de forma colaborativa en tiempo real, lo que mejora la eficiencia y la comunicacion en los proyectos\", 0.903696114115064, \"CloudCOriginal.pdf\", \"(232, 258)\"], [\"Ademas, la computacion en la nube ofrece una mayor disponibilidad y resistencia a fallos\", \"Ademas, la computacion en la nube ofrece una mayor disponibilidad y tolerancia a fallos\", 0.8749999999999998, \"CloudCOriginal.pdf\", \"(159, 174)\"], [\"Ademas, la computacion en la nube ha permitido el surgimiento de servicios de software como servicio (SaaS), que proporcionan acceso a aplicaciones y herramientas de alta calidad sin necesidad de instalarlas localmente\", \"Ademas, la computacion en la nube ha permitido el surgimiento de servicios de software como servicio (SaaS), que brindan acceso a aplicaciones y herramientas de alta calidad sin necesidad de instalarlas localmente\", 0.9444444444444446, \"CloudCOriginal.pdf\", \"(258, 294)\"], [\"Los proveedores de servicios en la nube generalmente cuentan con multiples centros de datos y copias de seguridad redundantes, lo que garantiza la continuidad del servicio incluso en situaciones de fallos o desastres\", \"Los proveedores de servicios en la nube suelen tener multiples centros de datos y copias de seguridad redundantes, lo que garantiza la continuidad del servicio incluso en caso de fallos o desastres\", 0.8421052631578946, \"CloudCOriginal.pdf\", \"(174, 207)\"], [\"En resumen, la computacion en la nube ha tenido un impacto significativo en la forma en que utilizamos y accedemos a los recursos informaticos\", \"En conclusion, la computacion en la nube ha transformado la forma en que utilizamos y accedemos a los recursos informaticos\", 0.7627700713964739, \"CloudCOriginal.pdf\", \"(294, 315)\"], [\"Su flexibilidad, escalabilidad y disponibilidad han permitido a personas y organizaciones aprovechar al maximo la tecnologia sin incurrir en costos excesivos\", \"Su flexibilidad, escalabilidad y disponibilidad han permitido a las personas y las organizaciones aprovechar al maximo la tecnologia sin incurrir en costos excesivos\", 1.0000000000000002, \"CloudCOriginal.pdf\", \"(315, 339)\"], [\"La computacion en la nube ha abierto nuevas posibilidades en terminos de almacenamiento, procesamiento y colaboracion, impulsando la eficiencia y la innovacion en la era digital\", \"La computacion en la nube ha abierto nuevas posibilidades en terminos de almacenamiento, procesamiento y colaboracion, impulsando la eficiencia y la innovacion en la era digital\", 1.0, \"CloudCOriginal.pdf\", \"(339, 367)\"]]','{}'),(31,'resultados/Plagio_MetdologiasAPlagio_XCpyP6c.pdf','2023-07-19 13:49:48.309466',1,40,0,'[[\"A diferencia de los enfoques tradicionales de gestion de proyectos, las metodologias agiles se caracterizan por su enfoque en la adaptabilidad, la colaboracion y la entrega iterativa\", \"A diferencia de los enfoques tradicionales de gestion de proyectos, las metodologias agiles se centran en la adaptabilidad, la colaboracion y la entrega iterativa\", 0.8894991799933215, \"MetdologiasAOriginal.pdf\", \"(17, 43)\"], [\"En lugar de seguir un plan rigido y predefinido, las metodologias agiles se basan en ciclos de trabajo mas cortos, conocidos como \\\"iteraciones\\\" o \\\"sprints\\\"\", \"En lugar de seguir un plan rigido y predefinido, las metodologias agiles se basan en ciclos de trabajo mas cortos conocidos como \\\"iteraciones\\\" o \\\"sprints\\\"\", 1.0, \"MetdologiasAOriginal.pdf\", \"(43, 73)\"], [\"Estos periodos de tiempo limitados permiten una mayor flexibilidad y capacidad de respuesta a medida que se obtienen resultados tangibles\", \"Estos periodos de tiempo limitados permiten una mayor flexibilidad y capacidad de respuesta a medida que se van obteniendo resultados tangibles\", 0.8894991799933215, \"MetdologiasAOriginal.pdf\", \"(73, 94)\"], [\"La comunicacion y la colaboracion son aspectos clave en las metodologias agiles\", \"La comunicacion y la colaboracion son fundamentales en las metodologias agiles\", 0.7715167498104595, \"MetdologiasAOriginal.pdf\", \"(94, 105)\"], [\"Los equipos de trabajo interactuan de manera continua, compartiendo informacion, ideas y desafios\", \"Los equipos de trabajo interactuan de manera continua, compartiendo informacion, ideas y desafios\", 0.9999999999999998, \"MetdologiasAOriginal.pdf\", \"(105, 120)\"], [\"Esto promueve una mayor transparencia y estimula la retroalimentacion constante, lo que posibilita realizar ajustes y mejoras en tiempo real\", \"Esto fomenta una mayor transparencia y alienta la retroalimentacion constante, lo que permite realizar ajustes y mejoras en tiempo real\", 0.7692307692307694, \"MetdologiasAOriginal.pdf\", \"(120, 141)\"], [\"Una de las principales ventajas de las metodologias agiles es su capacidad para adaptarse a los cambios\", \"Una de las principales ventajas de las metodologias agiles es su capacidad para adaptarse a los cambios\", 0.9999999999999998, \"MetdologiasAOriginal.pdf\", \"(141, 158)\"], [\"Los requisitos del proyecto pueden evolucionar a lo largo del tiempo y las metodologias agiles permiten una mayor flexibilidad para abordar estos cambios\", \"Los requisitos del proyecto pueden evolucionar a lo largo del tiempo, y las metodologias agiles permiten una mayor flexibilidad para abordar estos cambios\", 1.0, \"MetdologiasAOriginal.pdf\", \"(158, 182)\"], [\"Esto ayuda a evitar la rigidez de los enfoques tradicionales, donde los cambios pueden ser costosos y dificiles de implementar\", \"Esto ayuda a evitar la rigidez de los enfoques tradicionales, donde los cambios pueden ser costosos y dificiles de implementar\", 1.0000000000000002, \"MetdologiasAOriginal.pdf\", \"(182, 203)\"], [\"Ademas, las metodologias agiles fomentan la entrega temprana y continua de valor\", \"Ademas, las metodologias agiles fomentan la entrega de valor de manera temprana y continua\", 0.9428090415820632, \"MetdologiasAOriginal.pdf\", \"(203, 218)\"], [\"En lugar de esperar hasta el final del proyecto para obtener resultados, las iteraciones permiten la entrega gradual de productos o funcionalidades\", \"En lugar de esperar hasta el final del proyecto para obtener resultados, las iteraciones permiten la entrega gradual de productos o funcionalidades\", 1.0000000000000002, \"MetdologiasAOriginal.pdf\", \"(218, 241)\"], [\"Esto brinda la oportunidad de recibir retroalimentacion temprana por parte de los interesados y permite realizar ajustes en funcion de dicha retroalimentacion\", \"Esto brinda la oportunidad de obtener retroalimentacion temprana por parte de los stakeholders y permite realizar ajustes en base a esa retroalimentacion\", 0.7745966692414834, \"MetdologiasAOriginal.pdf\", \"(241, 263)\"], [\"En resumen, las metodologias agiles han demostrado ser un enfoque efectivo para la gestion de proyectos en el ambito empresarial\", \"En conclusion, las metodologias agiles han demostrado ser un enfoque efectivo para la gestion de proyectos en entornos empresariales\", 0.7500000000000001, \"MetdologiasAOriginal.pdf\", \"(263, 283)\"], [\"Su enfoque en la adaptabilidad, la colaboracion y la entrega continua de valor ha impulsado la eficiencia y la calidad en el desarrollo de productos y servicios\", \"Su enfoque en la adaptabilidad, la colaboracion y la entrega continua de valor ha impulsado la eficiencia y la calidad en el desarrollo de productos y servicios\", 1.0000000000000002, \"MetdologiasAOriginal.pdf\", \"(283, 311)\"], [\"Al adoptar las metodologias agiles, las organizaciones pueden mejorar su capacidad para enfrentar los desafios en un entorno empresarial en constante cambio\", \"Al adoptar las metodologias agiles, las organizaciones pueden mejorar su capacidad para enfrentar los desafios en un entorno empresarial en constante cambio\", 1.0, \"MetdologiasAOriginal.pdf\", \"(311, 334)\"]]','{\"nombre_archivo\": \"MetdologiasAPlagio_XCpyP6c.pdf\", \"path_resultado\": \"C:\\\\Users\\\\smart\\\\Documents\\\\Plagia\\\\Django\\\\PlagiarismDetector\\\\nlp\\\\Resultado/\", \"path_referencia\": \"C:\\\\Users\\\\smart\\\\Documents\\\\Plagia\\\\Django\\\\PlagiarismDetector\\\\nlp\\\\Referencia/\", \"total_oraciones\": 16, \"tiempo_que_tardo\": \"03 minutos, 46 segundos\", \"porcentaje_de_plagio\": 93, \"topico_con_mas_score\": [\"cerebro\", \"metodologia\", \"proyecto\", \"lobulo\", \"capacidad\"]}'),(32,'resultados/Plagio_MetdologiasAPlagio_epxyeao.pdf','2023-07-19 15:51:53.833233',1,41,0,'[[\"Los equipos de trabajo interactuan de manera continua, compartiendo informacion, ideas y desafios\", \"Los equipos de trabajo interactuan de manera continua, compartiendo informacion, ideas y desafios\", 0.9999999999999998, \"MetdologiasAOriginal.pdf\", \"(105, 120)\"], [\"Esto promueve una mayor transparencia y estimula la retroalimentacion constante, lo que posibilita realizar ajustes y mejoras en tiempo real\", \"Esto fomenta una mayor transparencia y alienta la retroalimentacion constante, lo que permite realizar ajustes y mejoras en tiempo real\", 0.7692307692307694, \"MetdologiasAOriginal.pdf\", \"(120, 141)\"], [\"Una de las principales ventajas de las metodologias agiles es su capacidad para adaptarse a los cambios\", \"Una de las principales ventajas de las metodologias agiles es su capacidad para adaptarse a los cambios\", 0.9999999999999998, \"MetdologiasAOriginal.pdf\", \"(141, 158)\"], [\"Los requisitos del proyecto pueden evolucionar a lo largo del tiempo y las metodologias agiles permiten una mayor flexibilidad para abordar estos cambios\", \"Los requisitos del proyecto pueden evolucionar a lo largo del tiempo, y las metodologias agiles permiten una mayor flexibilidad para abordar estos cambios\", 1.0, \"MetdologiasAOriginal.pdf\", \"(158, 182)\"], [\"Esto ayuda a evitar la rigidez de los enfoques tradicionales, donde los cambios pueden ser costosos y dificiles de implementar\", \"Esto ayuda a evitar la rigidez de los enfoques tradicionales, donde los cambios pueden ser costosos y dificiles de implementar\", 1.0000000000000002, \"MetdologiasAOriginal.pdf\", \"(182, 203)\"], [\"Ademas, las metodologias agiles fomentan la entrega temprana y continua de valor\", \"Ademas, las metodologias agiles fomentan la entrega de valor de manera temprana y continua\", 0.9428090415820632, \"MetdologiasAOriginal.pdf\", \"(203, 218)\"], [\"En lugar de esperar hasta el final del proyecto para obtener resultados, las iteraciones permiten la entrega gradual de productos o funcionalidades\", \"En lugar de esperar hasta el final del proyecto para obtener resultados, las iteraciones permiten la entrega gradual de productos o funcionalidades\", 1.0000000000000002, \"MetdologiasAOriginal.pdf\", \"(218, 241)\"], [\"Esto brinda la oportunidad de recibir retroalimentacion temprana por parte de los interesados y permite realizar ajustes en funcion de dicha retroalimentacion\", \"Esto brinda la oportunidad de obtener retroalimentacion temprana por parte de los stakeholders y permite realizar ajustes en base a esa retroalimentacion\", 0.7745966692414834, \"MetdologiasAOriginal.pdf\", \"(241, 263)\"], [\"En resumen, las metodologias agiles han demostrado ser un enfoque efectivo para la gestion de proyectos en el ambito empresarial\", \"En conclusion, las metodologias agiles han demostrado ser un enfoque efectivo para la gestion de proyectos en entornos empresariales\", 0.7500000000000001, \"MetdologiasAOriginal.pdf\", \"(263, 283)\"], [\"Su enfoque en la adaptabilidad, la colaboracion y la entrega continua de valor ha impulsado la eficiencia y la calidad en el desarrollo de productos y servicios\", \"Su enfoque en la adaptabilidad, la colaboracion y la entrega continua de valor ha impulsado la eficiencia y la calidad en el desarrollo de productos y servicios\", 1.0000000000000002, \"MetdologiasAOriginal.pdf\", \"(283, 311)\"], [\"Al adoptar las metodologias agiles, las organizaciones pueden mejorar su capacidad para enfrentar los desafios en un entorno empresarial en constante cambio\", \"Al adoptar las metodologias agiles, las organizaciones pueden mejorar su capacidad para enfrentar los desafios en un entorno empresarial en constante cambio\", 1.0, \"MetdologiasAOriginal.pdf\", \"(311, 334)\"]]','{\"nombre_archivo\": \"MetdologiasAPlagio_epxyeao.pdf\", \"path_resultado\": \"C:\\\\Users\\\\smart\\\\Documents\\\\Plagia\\\\Django\\\\PlagiarismDetector\\\\nlp\\\\Resultado/\", \"path_referencia\": \"C:\\\\Users\\\\smart\\\\Documents\\\\Plagia\\\\Django\\\\PlagiarismDetector\\\\nlp\\\\Referencia/\", \"total_oraciones\": 16, \"tiempo_que_tardo\": \"06 minutos, 24 segundos\", \"porcentaje_de_plagio\": 93, \"topico_con_mas_score\": [\"metodologia\", \"proyecto\", \"cambio\", \"enfoque\", \"entrega\"]}'),(33,'','2023-07-19 16:18:05.566514',0,42,1,'[]','{}'),(34,'','2023-07-19 16:24:53.109361',0,43,1,'[]','{}'),(35,'resultados/Plagio_SeguridadIPlagio_OPJXRCI.pdf','2023-07-19 16:37:42.580732',1,44,0,'[[\"Con el avance tecnologico y nuestra dependencia creciente de los sistemas informaticos, la proteccion de la informacion se ha vuelto crucial para individuos, empresas y gobiernos\", \"Con el avance de la tecnologia y la creciente dependencia de los sistemas informaticos, salvaguardar la informacion se ha vuelto crucial para individuos, empresas y gobiernos\", 0.8571428571428571, \"SeguridadIOriginal.pdf\", \"(23, 51)\"], [\"El concepto de seguridad de la informacion abarca una amplia gama de medidas y practicas destinadas a preservar la confidencialidad, integridad y disponibilidad de los datos\", \"La seguridad de la informacion abarca una amplia gama de medidas y practicas destinadas a proteger la confidencialidad, integridad y disponibilidad de los datos\", 0.8280786712108251, \"SeguridadIOriginal.pdf\", \"(51, 76)\"], [\"En el mundo actual, donde los datos son considerados un activo valioso, la perdida o compromiso de informacion confidencial puede tener consecuencias devastadoras\", \"En un mundo donde los datos se han convertido en un activo valioso, la perdida o compromiso de informacion confidencial puede tener consecuencias desastrosas\", 0.8280786712108251, \"SeguridadIOriginal.pdf\", \"(104, 129)\"], [\"Los delincuentes ciberneticos buscan constantemente vulnerabilidades en los sistemas para obtener acceso no autorizado a datos sensibles, lo que puede resultar en robo de identidad, fraudes financieros o dano a la reputacion de una organizacion\", \"Los ciberdelincuentes buscan constantemente vulnerabilidades en los sistemas para obtener acceso no autorizado a datos sensibles, lo que puede resultar en robo de identidad, fraudes financieros o dano a la reputacion de una organizacion\", 0.9271050693011066, \"SeguridadIOriginal.pdf\", \"(129, 165)\"], [\"Ademas, la seguridad de la informacion es esencial para cumplir con las leyes y regulaciones de privacidad\", \"Ademas, la seguridad de la informacion es fundamental para garantizar el cumplimiento de las leyes y regulaciones de privacidad\", 0.7071067811865475, \"SeguridadIOriginal.pdf\", \"(165, 185)\"], [\"Las empresas deben acatar normativas como el Reglamento General de Proteccion de Datos (GDPR) en la Union Europea, que establece estandares rigurosos para el manejo y proteccion de datos personales\", \"Reglamento General de Proteccion de Datos (GDPR) en la Union Europea, que establece estandares estrictos para el manejo y proteccion de datos personales\", 0.8355044182110839, \"SeguridadIOriginal.pdf\", \"(193, 219)\"], [\"En resumen, la seguridad de la informacion es un aspecto critico en la era digital\", \"En conclusion, la seguridad de la informacion es un aspecto fundamental en la era digital\", 0.7142857142857142, \"SeguridadIOriginal.pdf\", \"(219, 235)\"], [\"La proteccion de los datos debe ser una prioridad tanto a nivel personal como empresarial\", \"La proteccion de los datos debe ser una prioridad tanto a nivel personal como empresarial\", 1.0, \"SeguridadIOriginal.pdf\", \"(235, 250)\"], [\"La implementacion de medidas de seguridad efectivas y la comprension de las ultimas amenazas y vulnerabilidades son fundamentales para mantener la confianza de los usuarios y salvaguardar la informacion valiosa en un mundo cada vez mas interconectado y dependiente de la tecnologia\", \"Implementar medidas de seguridad efectivas y estar al tanto de las ultimas amenazas y vulnerabilidades es esencial para mantener la confianza de los usuarios y proteger la informacion valiosa en un mundo cada vez mas conectado y dependiente de la tecnologia\", 0.7735267838285932, \"SeguridadIOriginal.pdf\", \"(250, 291)\"]]','{\"nombre_archivo\": \"SeguridadIPlagio_OPJXRCI.pdf\", \"path_resultado\": \"C:\\\\Users\\\\smart\\\\Documents\\\\Plagia\\\\Django\\\\PlagiarismDetector\\\\nlp\\\\Resultado/\", \"path_referencia\": \"C:\\\\Users\\\\smart\\\\Documents\\\\Plagia\\\\Django\\\\PlagiarismDetector\\\\nlp\\\\Referencia/\", \"total_oraciones\": 12, \"tiempo_que_tardo\": \"04 segundos\", \"porcentaje_de_plagio\": 83, \"topico_con_mas_score\": [\"dato\", \"seguridad\", \"usuario\", \"tecnologia\", \"acceso\"]}'),(36,'resultados/Plagio_MetdologiasAPlagio_DayG5VB.pdf','2023-07-19 16:45:14.730709',1,45,0,'[[\"En lugar de seguir un plan rigido y predefinido, las metodologias agiles se basan en ciclos de trabajo mas cortos, conocidos como \\\"iteraciones\\\" o \\\"sprints\\\"\", \"En lugar de seguir un plan rigido y predefinido, las metodologias agiles se basan en ciclos de trabajo mas cortos conocidos como \\\"iteraciones\\\" o \\\"sprints\\\"\", 1.0, \"MetdologiasAOriginal.pdf\", \"(43, 73)\"], [\"Estos periodos de tiempo limitados permiten una mayor flexibilidad y capacidad de respuesta a medida que se obtienen resultados tangibles\", \"Estos periodos de tiempo limitados permiten una mayor flexibilidad y capacidad de respuesta a medida que se van obteniendo resultados tangibles\", 0.8894991799933215, \"MetdologiasAOriginal.pdf\", \"(73, 94)\"], [\"La comunicacion y la colaboracion son aspectos clave en las metodologias agiles\", \"La comunicacion y la colaboracion son fundamentales en las metodologias agiles\", 0.7715167498104595, \"MetdologiasAOriginal.pdf\", \"(94, 105)\"], [\"Los equipos de trabajo interactuan de manera continua, compartiendo informacion, ideas y desafios\", \"Los equipos de trabajo interactuan de manera continua, compartiendo informacion, ideas y desafios\", 0.9999999999999998, \"MetdologiasAOriginal.pdf\", \"(105, 120)\"], [\"Esto promueve una mayor transparencia y estimula la retroalimentacion constante, lo que posibilita realizar ajustes y mejoras en tiempo real\", \"Esto fomenta una mayor transparencia y alienta la retroalimentacion constante, lo que permite realizar ajustes y mejoras en tiempo real\", 0.7692307692307694, \"MetdologiasAOriginal.pdf\", \"(120, 141)\"], [\"Una de las principales ventajas de las metodologias agiles es su capacidad para adaptarse a los cambios\", \"Una de las principales ventajas de las metodologias agiles es su capacidad para adaptarse a los cambios\", 0.9999999999999998, \"MetdologiasAOriginal.pdf\", \"(141, 158)\"], [\"Los requisitos del proyecto pueden evolucionar a lo largo del tiempo y las metodologias agiles permiten una mayor flexibilidad para abordar estos cambios\", \"Los requisitos del proyecto pueden evolucionar a lo largo del tiempo, y las metodologias agiles permiten una mayor flexibilidad para abordar estos cambios\", 1.0, \"MetdologiasAOriginal.pdf\", \"(158, 182)\"], [\"Esto ayuda a evitar la rigidez de los enfoques tradicionales, donde los cambios pueden ser costosos y dificiles de implementar\", \"Esto ayuda a evitar la rigidez de los enfoques tradicionales, donde los cambios pueden ser costosos y dificiles de implementar\", 1.0000000000000002, \"MetdologiasAOriginal.pdf\", \"(182, 203)\"], [\"Ademas, las metodologias agiles fomentan la entrega temprana y continua de valor\", \"Ademas, las metodologias agiles fomentan la entrega de valor de manera temprana y continua\", 0.9428090415820632, \"MetdologiasAOriginal.pdf\", \"(203, 218)\"], [\"En lugar de esperar hasta el final del proyecto para obtener resultados, las iteraciones permiten la entrega gradual de productos o funcionalidades\", \"En lugar de esperar hasta el final del proyecto para obtener resultados, las iteraciones permiten la entrega gradual de productos o funcionalidades\", 1.0000000000000002, \"MetdologiasAOriginal.pdf\", \"(218, 241)\"], [\"Esto brinda la oportunidad de recibir retroalimentacion temprana por parte de los interesados y permite realizar ajustes en funcion de dicha retroalimentacion\", \"Esto brinda la oportunidad de obtener retroalimentacion temprana por parte de los stakeholders y permite realizar ajustes en base a esa retroalimentacion\", 0.7745966692414834, \"MetdologiasAOriginal.pdf\", \"(241, 263)\"], [\"En resumen, las metodologias agiles han demostrado ser un enfoque efectivo para la gestion de proyectos en el ambito empresarial\", \"En conclusion, las metodologias agiles han demostrado ser un enfoque efectivo para la gestion de proyectos en entornos empresariales\", 0.7500000000000001, \"MetdologiasAOriginal.pdf\", \"(263, 283)\"], [\"Su enfoque en la adaptabilidad, la colaboracion y la entrega continua de valor ha impulsado la eficiencia y la calidad en el desarrollo de productos y servicios\", \"Su enfoque en la adaptabilidad, la colaboracion y la entrega continua de valor ha impulsado la eficiencia y la calidad en el desarrollo de productos y servicios\", 1.0000000000000002, \"MetdologiasAOriginal.pdf\", \"(283, 311)\"], [\"Al adoptar las metodologias agiles, las organizaciones pueden mejorar su capacidad para enfrentar los desafios en un entorno empresarial en constante cambio\", \"Al adoptar las metodologias agiles, las organizaciones pueden mejorar su capacidad para enfrentar los desafios en un entorno empresarial en constante cambio\", 1.0, \"MetdologiasAOriginal.pdf\", \"(311, 334)\"]]','{\"nombre_archivo\": \"MetdologiasAPlagio_DayG5VB.pdf\", \"path_resultado\": \"C:\\\\Users\\\\smart\\\\Documents\\\\Plagia\\\\Django\\\\PlagiarismDetector\\\\nlp\\\\Resultado/\", \"path_referencia\": \"C:\\\\Users\\\\smart\\\\Documents\\\\Plagia\\\\Django\\\\PlagiarismDetector\\\\nlp\\\\Referencia/\", \"total_oraciones\": 16, \"tiempo_que_tardo\": \"05 segundos\", \"porcentaje_de_plagio\": 87.5, \"topico_con_mas_score\": [\"metodologia\", \"proyecto\", \"entrega\", \"enfoque\", \"cambio\"]}'),(37,'resultados/Plagio_CloudCPlagio_MWh8ujP.pdf','2023-07-19 16:51:31.384034',1,46,0,'[[\"Ademas, la computacion en la nube ofrece una mayor disponibilidad y resistencia a fallos\", \"Ademas, la computacion en la nube ofrece una mayor disponibilidad y tolerancia a fallos\", 0.8749999999999998, \"CloudCOriginal.pdf\", \"(159, 174)\"], [\"Ademas, la computacion en la nube ha permitido el surgimiento de servicios de software como servicio (SaaS), que proporcionan acceso a aplicaciones y herramientas de alta calidad sin necesidad de instalarlas localmente\", \"Ademas, la computacion en la nube ha permitido el surgimiento de servicios de software como servicio (SaaS), que brindan acceso a aplicaciones y herramientas de alta calidad sin necesidad de instalarlas localmente\", 0.9444444444444446, \"CloudCOriginal.pdf\", \"(258, 294)\"], [\"Esto brinda una mayor confiabilidad y seguridad en la proteccion de los datos\", \"Esto proporciona una mayor confiabilidad y seguridad en la proteccion de datos\", 0.857142857142857, \"CloudCOriginal.pdf\", \"(207, 219)\"], [\"La computacion en la nube ha abierto nuevas posibilidades en terminos de almacenamiento, procesamiento y colaboracion, impulsando la eficiencia y la innovacion en la era digital\", \"La computacion en la nube ha abierto nuevas posibilidades en terminos de almacenamiento, procesamiento y colaboracion, impulsando la eficiencia y la innovacion en la era digital\", 1.0, \"CloudCOriginal.pdf\", \"(339, 367)\"], [\"La computacion en la nube tambien ha impulsado la colaboracion y la productividad\", \"La computacion en la nube tambien ha impulsado la colaboracion y la productividad\", 1.0, \"CloudCOriginal.pdf\", \"(219, 232)\"], [\"Los usuarios pueden compartir facilmente documentos y trabajar de forma colaborativa en tiempo real, mejorando asi la eficiencia y la comunicacion en los proyectos\", \"Los usuarios pueden compartir facilmente documentos y trabajar de forma colaborativa en tiempo real, lo que mejora la eficiencia y la comunicacion en los proyectos\", 0.903696114115064, \"CloudCOriginal.pdf\", \"(232, 258)\"], [\"Los proveedores de servicios en la nube generalmente cuentan con multiples centros de datos y copias de seguridad redundantes, lo que garantiza la continuidad del servicio incluso en situaciones de fallos o desastres\", \"Los proveedores de servicios en la nube suelen tener multiples centros de datos y copias de seguridad redundantes, lo que garantiza la continuidad del servicio incluso en caso de fallos o desastres\", 0.8421052631578946, \"CloudCOriginal.pdf\", \"(174, 207)\"], [\"En resumen, la computacion en la nube ha tenido un impacto significativo en la forma en que utilizamos y accedemos a los recursos informaticos\", \"En conclusion, la computacion en la nube ha transformado la forma en que utilizamos y accedemos a los recursos informaticos\", 0.7627700713964739, \"CloudCOriginal.pdf\", \"(294, 315)\"], [\"Su flexibilidad, escalabilidad y disponibilidad han permitido a personas y organizaciones aprovechar al maximo la tecnologia sin incurrir en costos excesivos\", \"Su flexibilidad, escalabilidad y disponibilidad han permitido a las personas y las organizaciones aprovechar al maximo la tecnologia sin incurrir en costos excesivos\", 1.0000000000000002, \"CloudCOriginal.pdf\", \"(315, 339)\"]]','{\"nombre_archivo\": \"CloudCPlagio_MWh8ujP.pdf\", \"path_resultado\": \"C:\\\\Users\\\\smart\\\\Documents\\\\Plagia\\\\Django\\\\PlagiarismDetector\\\\nlp\\\\Resultado/\", \"path_referencia\": \"C:\\\\Users\\\\smart\\\\Documents\\\\Plagia\\\\Django\\\\PlagiarismDetector\\\\nlp\\\\Referencia/\", \"total_oraciones\": 16, \"tiempo_que_tardo\": \"12 segundos\", \"porcentaje_de_plagio\": 56.25, \"topico_con_mas_score\": [\"nube\", \"servicio\", \"metodologia\", \"forma\", \"proyecto\"]}'),(38,'resultados/Plagio_SeguridadIPlagio_dL07Fkj.pdf','2023-07-20 15:59:14.214122',1,48,0,'[[\"El concepto de seguridad de la informacion abarca una amplia gama de medidas y practicas destinadas a preservar la confidencialidad, integridad y disponibilidad de los datos\", \"La seguridad de la informacion abarca una amplia gama de medidas y practicas destinadas a proteger la confidencialidad, integridad y disponibilidad de los datos\", 0.8280786712108251, \"SeguridadIOriginal.pdf\", \"(51, 76)\"], [\"En el mundo actual, donde los datos son considerados un activo valioso, la perdida o compromiso de informacion confidencial puede tener consecuencias devastadoras\", \"En un mundo donde los datos se han convertido en un activo valioso, la perdida o compromiso de informacion confidencial puede tener consecuencias desastrosas\", 0.8280786712108251, \"SeguridadIOriginal.pdf\", \"(104, 129)\"], [\"Los delincuentes ciberneticos buscan constantemente vulnerabilidades en los sistemas para obtener acceso no autorizado a datos sensibles, lo que puede resultar en robo de identidad, fraudes financieros o dano a la reputacion de una organizacion\", \"Los ciberdelincuentes buscan constantemente vulnerabilidades en los sistemas para obtener acceso no autorizado a datos sensibles, lo que puede resultar en robo de identidad, fraudes financieros o dano a la reputacion de una organizacion\", 0.9271050693011066, \"SeguridadIOriginal.pdf\", \"(129, 165)\"], [\"Ademas, la seguridad de la informacion es esencial para cumplir con las leyes y regulaciones de privacidad\", \"Ademas, la seguridad de la informacion es fundamental para garantizar el cumplimiento de las leyes y regulaciones de privacidad\", 0.7071067811865475, \"SeguridadIOriginal.pdf\", \"(165, 185)\"], [\"Las empresas deben acatar normativas como el Reglamento General de Proteccion de Datos (GDPR) en la Union Europea, que establece estandares rigurosos para el manejo y proteccion de datos personales\", \"Reglamento General de Proteccion de Datos (GDPR) en la Union Europea, que establece estandares estrictos para el manejo y proteccion de datos personales\", 0.8355044182110839, \"SeguridadIOriginal.pdf\", \"(193, 219)\"], [\"En resumen, la seguridad de la informacion es un aspecto critico en la era digital\", \"En conclusion, la seguridad de la informacion es un aspecto fundamental en la era digital\", 0.7142857142857142, \"SeguridadIOriginal.pdf\", \"(219, 235)\"], [\"La proteccion de los datos debe ser una prioridad tanto a nivel personal como empresarial\", \"La proteccion de los datos debe ser una prioridad tanto a nivel personal como empresarial\", 1.0, \"SeguridadIOriginal.pdf\", \"(235, 250)\"], [\"La implementacion de medidas de seguridad efectivas y la comprension de las ultimas amenazas y vulnerabilidades son fundamentales para mantener la confianza de los usuarios y salvaguardar la informacion valiosa en un mundo cada vez mas interconectado y dependiente de la tecnologia\", \"Implementar medidas de seguridad efectivas y estar al tanto de las ultimas amenazas y vulnerabilidades es esencial para mantener la confianza de los usuarios y proteger la informacion valiosa en un mundo cada vez mas conectado y dependiente de la tecnologia\", 0.7735267838285932, \"SeguridadIOriginal.pdf\", \"(250, 291)\"]]','{\"nombre_archivo\": \"SeguridadIPlagio_dL07Fkj.pdf\", \"path_resultado\": \"C:\\\\Users\\\\smart\\\\Documents\\\\Plagia\\\\Django\\\\PlagiarismDetector\\\\nlp\\\\Resultado/\", \"path_referencia\": \"C:\\\\Users\\\\smart\\\\Documents\\\\Plagia\\\\Django\\\\PlagiarismDetector\\\\nlp\\\\Referencia/\", \"total_oraciones\": 12, \"tiempo_que_tardo\": \"14 segundos\", \"porcentaje_de_plagio\": 66.66666666666666, \"topico_con_mas_score\": [\"dato\", \"cerebro\", \"seguridad\", \"sistema\", \"usuario\"]}'),(39,'resultados/Plagio_MetdologiasAPlagio_jZtROEH.pdf','2023-07-20 16:02:07.330305',1,49,0,'[[\"En lugar de seguir un plan rigido y predefinido, las metodologias agiles se basan en ciclos de trabajo mas cortos, conocidos como \\\"iteraciones\\\" o \\\"sprints\\\"\", \"En lugar de seguir un plan rigido y predefinido, las metodologias agiles se basan en ciclos de trabajo mas cortos conocidos como \\\"iteraciones\\\" o \\\"sprints\\\"\", 1.0, \"MetdologiasAOriginal.pdf\", \"(43, 73)\"], [\"La comunicacion y la colaboracion son aspectos clave en las metodologias agiles\", \"La comunicacion y la colaboracion son fundamentales en las metodologias agiles\", 0.7715167498104595, \"MetdologiasAOriginal.pdf\", \"(94, 105)\"], [\"Los equipos de trabajo interactuan de manera continua, compartiendo informacion, ideas y desafios\", \"Los equipos de trabajo interactuan de manera continua, compartiendo informacion, ideas y desafios\", 0.9999999999999998, \"MetdologiasAOriginal.pdf\", \"(105, 120)\"], [\"Los requisitos del proyecto pueden evolucionar a lo largo del tiempo y las metodologias agiles permiten una mayor flexibilidad para abordar estos cambios\", \"Los requisitos del proyecto pueden evolucionar a lo largo del tiempo, y las metodologias agiles permiten una mayor flexibilidad para abordar estos cambios\", 1.0, \"MetdologiasAOriginal.pdf\", \"(158, 182)\"], [\"Esto promueve una mayor transparencia y estimula la retroalimentacion constante, lo que posibilita realizar ajustes y mejoras en tiempo real\", \"Esto fomenta una mayor transparencia y alienta la retroalimentacion constante, lo que permite realizar ajustes y mejoras en tiempo real\", 0.7692307692307694, \"MetdologiasAOriginal.pdf\", \"(120, 141)\"], [\"Una de las principales ventajas de las metodologias agiles es su capacidad para adaptarse a los cambios\", \"Una de las principales ventajas de las metodologias agiles es su capacidad para adaptarse a los cambios\", 0.9999999999999998, \"MetdologiasAOriginal.pdf\", \"(141, 158)\"], [\"Estos periodos de tiempo limitados permiten una mayor flexibilidad y capacidad de respuesta a medida que se obtienen resultados tangibles\", \"Estos periodos de tiempo limitados permiten una mayor flexibilidad y capacidad de respuesta a medida que se van obteniendo resultados tangibles\", 0.8894991799933215, \"MetdologiasAOriginal.pdf\", \"(73, 94)\"], [\"Su enfoque en la adaptabilidad, la colaboracion y la entrega continua de valor ha impulsado la eficiencia y la calidad en el desarrollo de productos y servicios\", \"Su enfoque en la adaptabilidad, la colaboracion y la entrega continua de valor ha impulsado la eficiencia y la calidad en el desarrollo de productos y servicios\", 1.0000000000000002, \"MetdologiasAOriginal.pdf\", \"(283, 311)\"], [\"Al adoptar las metodologias agiles, las organizaciones pueden mejorar su capacidad para enfrentar los desafios en un entorno empresarial en constante cambio\", \"Al adoptar las metodologias agiles, las organizaciones pueden mejorar su capacidad para enfrentar los desafios en un entorno empresarial en constante cambio\", 1.0, \"MetdologiasAOriginal.pdf\", \"(311, 334)\"], [\"En resumen, las metodologias agiles han demostrado ser un enfoque efectivo para la gestion de proyectos en el ambito empresarial\", \"En conclusion, las metodologias agiles han demostrado ser un enfoque efectivo para la gestion de proyectos en entornos empresariales\", 0.7500000000000001, \"MetdologiasAOriginal.pdf\", \"(263, 283)\"], [\"En lugar de esperar hasta el final del proyecto para obtener resultados, las iteraciones permiten la entrega gradual de productos o funcionalidades\", \"En lugar de esperar hasta el final del proyecto para obtener resultados, las iteraciones permiten la entrega gradual de productos o funcionalidades\", 1.0000000000000002, \"MetdologiasAOriginal.pdf\", \"(218, 241)\"], [\"Esto brinda la oportunidad de recibir retroalimentacion temprana por parte de los interesados y permite realizar ajustes en funcion de dicha retroalimentacion\", \"Esto brinda la oportunidad de obtener retroalimentacion temprana por parte de los stakeholders y permite realizar ajustes en base a esa retroalimentacion\", 0.7745966692414834, \"MetdologiasAOriginal.pdf\", \"(241, 263)\"], [\"Ademas, las metodologias agiles fomentan la entrega temprana y continua de valor\", \"Ademas, las metodologias agiles fomentan la entrega de valor de manera temprana y continua\", 0.9428090415820632, \"MetdologiasAOriginal.pdf\", \"(203, 218)\"], [\"Esto ayuda a evitar la rigidez de los enfoques tradicionales, donde los cambios pueden ser costosos y dificiles de implementar\", \"Esto ayuda a evitar la rigidez de los enfoques tradicionales, donde los cambios pueden ser costosos y dificiles de implementar\", 1.0000000000000002, \"MetdologiasAOriginal.pdf\", \"(182, 203)\"]]','{\"nombre_archivo\": \"MetdologiasAPlagio_jZtROEH.pdf\", \"path_resultado\": \"C:\\\\Users\\\\smart\\\\Documents\\\\Plagia\\\\Django\\\\PlagiarismDetector\\\\nlp\\\\Resultado/\", \"path_referencia\": \"C:\\\\Users\\\\smart\\\\Documents\\\\Plagia\\\\Django\\\\PlagiarismDetector\\\\nlp\\\\Referencia/\", \"total_oraciones\": 16, \"tiempo_que_tardo\": \"08 segundos\", \"porcentaje_de_plagio\": 87.5, \"topico_con_mas_score\": [\"dato\", \"cerebro\", \"seguridad\", \"sistema\", \"usuario\", \"metodologia\", \"proyecto\", \"entrega\", \"enfoque\", \"cambio\"]}'),(40,'','2023-07-21 17:05:38.982431',0,51,1,'[]','{}'),(41,'resultados/Plagio_MetdologiasAPlagio_OGE318e.pdf','2023-07-21 17:10:14.021577',1,52,0,'[[\"A diferencia de los enfoques tradicionales de gestion de proyectos, las metodologias agiles se caracterizan por su enfoque en la adaptabilidad, la colaboracion y la entrega iterativa\", \"A diferencia de los enfoques tradicionales de gestion de proyectos, las metodologias agiles se centran en la adaptabilidad, la colaboracion y la entrega iterativa\", 0.8894991799933215, \"MetdologiasAOriginal.pdf\", \"(17, 43)\"], [\"En lugar de seguir un plan rigido y predefinido, las metodologias agiles se basan en ciclos de trabajo mas cortos, conocidos como \\\"iteraciones\\\" o \\\"sprints\\\"\", \"En lugar de seguir un plan rigido y predefinido, las metodologias agiles se basan en ciclos de trabajo mas cortos conocidos como \\\"iteraciones\\\" o \\\"sprints\\\"\", 1.0, \"MetdologiasAOriginal.pdf\", \"(43, 73)\"], [\"Estos periodos de tiempo limitados permiten una mayor flexibilidad y capacidad de respuesta a medida que se obtienen resultados tangibles\", \"Estos periodos de tiempo limitados permiten una mayor flexibilidad y capacidad de respuesta a medida que se van obteniendo resultados tangibles\", 0.8894991799933215, \"MetdologiasAOriginal.pdf\", \"(73, 94)\"], [\"La comunicacion y la colaboracion son aspectos clave en las metodologias agiles\", \"La comunicacion y la colaboracion son fundamentales en las metodologias agiles\", 0.7715167498104595, \"MetdologiasAOriginal.pdf\", \"(94, 105)\"], [\"Los equipos de trabajo interactuan de manera continua, compartiendo informacion, ideas y desafios\", \"Los equipos de trabajo interactuan de manera continua, compartiendo informacion, ideas y desafios\", 0.9999999999999998, \"MetdologiasAOriginal.pdf\", \"(105, 120)\"], [\"Esto promueve una mayor transparencia y estimula la retroalimentacion constante, lo que posibilita realizar ajustes y mejoras en tiempo real\", \"Esto fomenta una mayor transparencia y alienta la retroalimentacion constante, lo que permite realizar ajustes y mejoras en tiempo real\", 0.7692307692307694, \"MetdologiasAOriginal.pdf\", \"(120, 141)\"], [\"Una de las principales ventajas de las metodologias agiles es su capacidad para adaptarse a los cambios\", \"Una de las principales ventajas de las metodologias agiles es su capacidad para adaptarse a los cambios\", 0.9999999999999998, \"MetdologiasAOriginal.pdf\", \"(141, 158)\"], [\"Los requisitos del proyecto pueden evolucionar a lo largo del tiempo y las metodologias agiles permiten una mayor flexibilidad para abordar estos cambios\", \"Los requisitos del proyecto pueden evolucionar a lo largo del tiempo, y las metodologias agiles permiten una mayor flexibilidad para abordar estos cambios\", 1.0, \"MetdologiasAOriginal.pdf\", \"(158, 182)\"], [\"Esto ayuda a evitar la rigidez de los enfoques tradicionales, donde los cambios pueden ser costosos y dificiles de implementar\", \"Esto ayuda a evitar la rigidez de los enfoques tradicionales, donde los cambios pueden ser costosos y dificiles de implementar\", 1.0000000000000002, \"MetdologiasAOriginal.pdf\", \"(182, 203)\"], [\"Ademas, las metodologias agiles fomentan la entrega temprana y continua de valor\", \"Ademas, las metodologias agiles fomentan la entrega de valor de manera temprana y continua\", 0.9428090415820632, \"MetdologiasAOriginal.pdf\", \"(203, 218)\"], [\"En lugar de esperar hasta el final del proyecto para obtener resultados, las iteraciones permiten la entrega gradual de productos o funcionalidades\", \"En lugar de esperar hasta el final del proyecto para obtener resultados, las iteraciones permiten la entrega gradual de productos o funcionalidades\", 1.0000000000000002, \"MetdologiasAOriginal.pdf\", \"(218, 241)\"], [\"Esto brinda la oportunidad de recibir retroalimentacion temprana por parte de los interesados y permite realizar ajustes en funcion de dicha retroalimentacion\", \"Esto brinda la oportunidad de obtener retroalimentacion temprana por parte de los stakeholders y permite realizar ajustes en base a esa retroalimentacion\", 0.7745966692414834, \"MetdologiasAOriginal.pdf\", \"(241, 263)\"], [\"En resumen, las metodologias agiles han demostrado ser un enfoque efectivo para la gestion de proyectos en el ambito empresarial\", \"En conclusion, las metodologias agiles han demostrado ser un enfoque efectivo para la gestion de proyectos en entornos empresariales\", 0.7500000000000001, \"MetdologiasAOriginal.pdf\", \"(263, 283)\"], [\"Su enfoque en la adaptabilidad, la colaboracion y la entrega continua de valor ha impulsado la eficiencia y la calidad en el desarrollo de productos y servicios\", \"Su enfoque en la adaptabilidad, la colaboracion y la entrega continua de valor ha impulsado la eficiencia y la calidad en el desarrollo de productos y servicios\", 1.0000000000000002, \"MetdologiasAOriginal.pdf\", \"(283, 311)\"], [\"Al adoptar las metodologias agiles, las organizaciones pueden mejorar su capacidad para enfrentar los desafios en un entorno empresarial en constante cambio\", \"Al adoptar las metodologias agiles, las organizaciones pueden mejorar su capacidad para enfrentar los desafios en un entorno empresarial en constante cambio\", 1.0, \"MetdologiasAOriginal.pdf\", \"(311, 334)\"]]','{\"nombre_archivo\": \"MetdologiasAPlagio_OGE318e.pdf\", \"path_resultado\": \"C:\\\\Users\\\\smart\\\\Documents\\\\Plagia\\\\Django\\\\PlagiarismDetector\\\\nlp\\\\Resultado/\", \"path_referencia\": \"C:\\\\Users\\\\smart\\\\Documents\\\\Plagia\\\\Django\\\\PlagiarismDetector\\\\nlp\\\\Referencia/\", \"total_oraciones\": 16, \"tiempo_que_tardo\": \"04 segundos\", \"porcentaje_de_plagio\": 91.9143439323428, \"topico_con_mas_score\": [\"metodologia\", \"proyecto\", \"enfoque\", \"entrega\", \"cambio\"]}'),(42,'resultados/Plagio_CloudCPlagio_fU6R6eX.pdf','2023-07-24 16:11:01.493431',1,53,0,'[[\"La computacion en la nube ha causado un impacto significativo en la manera en que almacenamos, accedemos y procesamos informacion en la era digital\", \"La computacion en la nube ha revolucionado la forma en que almacenamos, accedemos y procesamos informacion en la era digital\", 0.7302967433402214, \"CloudCOriginal.pdf\", \"(0, 21)\"], [\"Esta tecnologia ha brindado a individuos y empresas la posibilidad de aprovechar recursos informaticos de manera flexible y escalable, sin la necesidad de invertir en infraestructura costosa\", \"Esta tecnologia ha permitido a individuos y empresas aprovechar recursos informaticos de forma flexible y escalable, sin necesidad de invertir en infraestructura costosa\", 0.8391463916782737, \"CloudCOriginal.pdf\", \"(21, 45)\"], [\"El concepto de la computacion en la nube se basa en la utilizacion de servidores remotos y. compartidos para almacenar y procesar datos\", \"La computacion en la nube se basa en la idea de utilizar servidores remotos y compartidos para almacenar y procesar datos\", 0.7500000000000001, \"CloudCOriginal.pdf\", \"(45, 66)\"], [\"A traves de servicios en la nube, como el almacenamiento en la nube y la infraestructura como servicio (IaaS), los usuarios pueden acceder a sus datos y aplicaciones desde cualquier lugar con conexion a Internet\", \"A traves de servicios en la nube, como el almacenamiento en la nube y la infraestructura como servicio (IaaS), los usuarios pueden acceder a sus datos y aplicaciones desde cualquier lugar con conexion a Internet\", 0.9999999999999998, \"CloudCOriginal.pdf\", \"(66, 105)\"], [\"Ademas, la computacion en la nube ofrece una mayor disponibilidad y resistencia a fallos\", \"Ademas, la computacion en la nube ofrece una mayor disponibilidad y tolerancia a fallos\", 0.8749999999999998, \"CloudCOriginal.pdf\", \"(159, 174)\"], [\"Esto proporciona una mayor flexibilidad y eficiencia en el uso de los recursos informaticos\", \"Esto proporciona una mayor flexibilidad y eficiencia en la utilizacion de los recursos informaticos\", 0.8749999999999998, \"CloudCOriginal.pdf\", \"(145, 159)\"], [\"Esto brinda una mayor confiabilidad y seguridad en la proteccion de los datos\", \"Esto proporciona una mayor confiabilidad y seguridad en la proteccion de datos\", 0.857142857142857, \"CloudCOriginal.pdf\", \"(207, 219)\"], [\"Los usuarios tienen la capacidad de aumentar o disminuir la capacidad de almacenamiento y poder de procesamiento de acuerdo con sus necesidades cambiantes, sin tener que realizar inversiones en hardware adicional\", \"Los usuarios pueden aumentar o disminuir la capacidad de almacenamiento y potencia de procesamiento segun sus necesidades cambiantes, sin tener que invertir en hardware adicional\", 0.7456011350793257, \"CloudCOriginal.pdf\", \"(119, 145)\"], [\"Los usuarios pueden compartir facilmente documentos y trabajar de forma colaborativa en tiempo real, mejorando asi la eficiencia y la comunicacion en los proyectos\", \"Los usuarios pueden compartir facilmente documentos y trabajar de forma colaborativa en tiempo real, lo que mejora la eficiencia y la comunicacion en los proyectos\", 0.903696114115064, \"CloudCOriginal.pdf\", \"(232, 258)\"], [\"Los proveedores de servicios en la nube generalmente cuentan con multiples centros de datos y. copias de seguridad redundantes, lo que garantiza la continuidad del servicio incluso en situaciones de fallos o desastres\", \"Los proveedores de servicios en la nube suelen tener multiples centros de datos y copias de seguridad redundantes, lo que garantiza la continuidad del servicio incluso en caso de fallos o desastres\", 0.8421052631578946, \"CloudCOriginal.pdf\", \"(174, 207)\"], [\"La computacion en la nube tambien ha impulsado la colaboracion y la productividad\", \"La computacion en la nube tambien ha impulsado la colaboracion y la productividad\", 1.0, \"CloudCOriginal.pdf\", \"(219, 232)\"], [\"En resumen, la computacion en la nube ha tenido un impacto significativo en la forma en que utilizamos y accedemos a los recursos informaticos\", \"En conclusion, la computacion en la nube ha transformado la forma en que utilizamos y accedemos a los recursos informaticos\", 0.7627700713964739, \"CloudCOriginal.pdf\", \"(294, 315)\"], [\"Su flexibilidad, escalabilidad y. disponibilidad han permitido a personas y organizaciones aprovechar al maximo la tecnologia sin incurrir en costos excesivos\", \"Su flexibilidad, escalabilidad y disponibilidad han permitido a las personas y las organizaciones aprovechar al maximo la tecnologia sin incurrir en costos excesivos\", 1.0000000000000002, \"CloudCOriginal.pdf\", \"(315, 339)\"], [\"La computacion en la nube ha abierto nuevas posibilidades en terminos de almacenamiento, procesamiento y colaboracion, impulsando la eficiencia y la innovacion en la era digital\", \"La computacion en la nube ha abierto nuevas posibilidades en terminos de almacenamiento, procesamiento y colaboracion, impulsando la eficiencia y la innovacion en la era digital\", 1.0, \"CloudCOriginal.pdf\", \"(339, 367)\"], [\"Ademas, la computacion en la nube ha permitido el surgimiento de servicios de software como servicio (SaaS), que proporcionan acceso a aplicaciones y herramientas de alta calidad sin necesidad de instalarlas localmente\", \"Ademas, la computacion en la nube ha permitido el surgimiento de servicios de software como servicio (SaaS), que brindan acceso a aplicaciones y herramientas de alta calidad sin necesidad de instalarlas localmente\", 0.9444444444444446, \"CloudCOriginal.pdf\", \"(258, 294)\"]]','{\"nombre_archivo\": \"CloudCPlagio_fU6R6eX.pdf\", \"path_resultado\": \"C:\\\\Users\\\\smart\\\\Documents\\\\Plagia\\\\Django\\\\PlagiarismDetector\\\\nlp\\\\Resultado/\", \"path_referencia\": \"C:\\\\Users\\\\smart\\\\Documents\\\\Plagia\\\\Django\\\\PlagiarismDetector\\\\nlp\\\\Referencia/\", \"total_oraciones\": 18, \"tiempo_que_tardo\": \"13 segundos\", \"porcentaje_de_plagio\": 87.50135346903036, \"topico_con_mas_score\": [\"nube\", \"servicio\", \"dato\", \"forma\", \"eficiencia\"]}'),(43,'','2023-07-26 15:01:21.892214',0,54,1,'[]','{}'),(45,'','2023-07-26 15:03:40.842998',0,55,1,'[]','{}'),(46,'','2023-07-26 16:08:09.939142',0,56,1,'[]','{}'),(48,'resultados/Plagio_1_V0YD6mg.pdf','2023-07-26 16:14:35.547002',1,57,0,'[]','{\"nombre_archivo\": \"1_V0YD6mg.pdf\", \"path_resultado\": \"C:\\\\Users\\\\smart\\\\Documents\\\\Plagia\\\\Django\\\\PlagiarismDetector\\\\nlp\\\\Resultado/\", \"path_referencia\": \"C:\\\\Users\\\\smart\\\\Documents\\\\Plagia\\\\Django\\\\PlagiarismDetector\\\\nlp\\\\Referencia/\", \"total_oraciones\": 20, \"tiempo_que_tardo\": \"09 segundos\", \"porcentaje_de_plagio\": 0, \"topico_con_mas_score\": [\"metodologia\", \"proyecto\", \"enfoque\", \"cambio\", \"entrega\", \"metodologia\", \"proyecto\", \"cambio\", \"enfoque\", \"entrega\"]}'),(50,'resultados/Plagio_1_Y67AkYO.pdf','2023-07-26 16:57:42.724370',1,58,0,'[]','{\"nombre_archivo\": \"1_Y67AkYO.pdf\", \"path_resultado\": \"C:\\\\Users\\\\smart\\\\Documents\\\\Plagia\\\\Django\\\\PlagiarismDetector\\\\nlp\\\\Resultado/\", \"path_referencia\": \"C:\\\\Users\\\\smart\\\\Documents\\\\Plagia\\\\Django\\\\PlagiarismDetector\\\\nlp\\\\Referencia/\", \"total_oraciones\": 20, \"tiempo_que_tardo\": \"05 segundos\", \"porcentaje_de_plagio\": 0, \"topico_con_mas_score\": [\"metodologia\", \"proyecto\", \"cambio\", \"entrega\", \"enfoque\"]}'),(51,'resultados/Plagio_1_DPGskv1.pdf','2023-07-26 17:10:21.046460',1,59,0,'[]','{\"nombre_archivo\": \"1_DPGskv1.pdf\", \"path_resultado\": \"C:\\\\Users\\\\smart\\\\Documents\\\\Plagia\\\\Django\\\\PlagiarismDetector\\\\nlp\\\\Resultado/\", \"path_referencia\": \"C:\\\\Users\\\\smart\\\\Documents\\\\Plagia\\\\Django\\\\PlagiarismDetector\\\\nlp\\\\Referencia/\", \"total_oraciones\": 20, \"tiempo_que_tardo\": \"05 segundos\", \"porcentaje_de_plagio\": 0, \"topico_con_mas_score\": [\"dato\", \"nube\", \"metodologia\", \"servicio\", \"seguridad\"]}'),(52,'resultados/Plagio_1_w6LUgHu.pdf','2023-07-26 17:28:50.004566',1,60,0,'[]','{\"nombre_archivo\": \"1_w6LUgHu.pdf\", \"path_resultado\": \"C:\\\\Users\\\\smart\\\\Documents\\\\Plagia\\\\Django\\\\PlagiarismDetector\\\\nlp\\\\Resultado/\", \"path_referencia\": \"C:\\\\Users\\\\smart\\\\Documents\\\\Plagia\\\\Django\\\\PlagiarismDetector\\\\nlp\\\\Referencia/\", \"total_oraciones\": 20, \"tiempo_que_tardo\": \"05 segundos\", \"porcentaje_de_plagio\": 0, \"topico_con_mas_score\": [\"metodologia\", \"proyecto\", \"cambio\", \"enfoque\", \"entrega\"]}'),(53,'resultados/Plagio_1_UNA6iIV.pdf','2023-07-26 17:40:55.194461',1,61,0,'[]','{\"nombre_archivo\": \"1_UNA6iIV.pdf\", \"path_resultado\": \"C:\\\\Users\\\\smart\\\\Documents\\\\Plagia\\\\Django\\\\PlagiarismDetector\\\\nlp\\\\Resultado/\", \"path_referencia\": \"C:\\\\Users\\\\smart\\\\Documents\\\\Plagia\\\\Django\\\\PlagiarismDetector\\\\nlp\\\\Referencia/\", \"total_oraciones\": 20, \"tiempo_que_tardo\": \"04 segundos\", \"porcentaje_de_plagio\": 0, \"topico_con_mas_score\": [\"nube\", \"metodologia\", \"servicio\", \"proyecto\", \"forma\"]}'),(54,'resultados/Plagio_2.pdf','2023-07-26 17:47:00.201351',1,62,0,'[]','{\"nombre_archivo\": \"2.pdf\", \"path_resultado\": \"C:\\\\Users\\\\smart\\\\Documents\\\\Plagia\\\\Django\\\\PlagiarismDetector\\\\nlp\\\\Resultado/\", \"path_referencia\": \"C:\\\\Users\\\\smart\\\\Documents\\\\Plagia\\\\Django\\\\PlagiarismDetector\\\\nlp\\\\Referencia/\", \"total_oraciones\": 39, \"tiempo_que_tardo\": \"05 segundos\", \"porcentaje_de_plagio\": 0, \"topico_con_mas_score\": [\"dato\", \"seguridad\", \"cerebro\", \"sistema\", \"tecnologia\"]}'),(55,'resultados/Plagio_2_aqYWXuc.pdf','2023-07-26 18:38:42.714914',1,63,0,'[]','{\"nombre_archivo\": \"2_aqYWXuc.pdf\", \"path_resultado\": \"C:\\\\Users\\\\smart\\\\Documents\\\\Plagia\\\\Django\\\\PlagiarismDetector\\\\nlp\\\\Resultado/\", \"path_referencia\": \"C:\\\\Users\\\\smart\\\\Documents\\\\Plagia\\\\Django\\\\PlagiarismDetector\\\\nlp\\\\Referencia/\", \"total_oraciones\": 39, \"tiempo_que_tardo\": \"05 segundos\", \"porcentaje_de_plagio\": 0, \"topico_con_mas_score\": [\"cerebro\", \"lobulo\", \"organo\", \"hemisferio\", \"cuerpo\"]}'),(56,'resultados/Plagio_2_RkQz8gR.pdf','2023-07-26 18:39:19.801878',1,64,0,'[]','{\"nombre_archivo\": \"2_RkQz8gR.pdf\", \"path_resultado\": \"C:\\\\Users\\\\smart\\\\Documents\\\\Plagia\\\\Django\\\\PlagiarismDetector\\\\nlp\\\\Resultado/\", \"path_referencia\": \"C:\\\\Users\\\\smart\\\\Documents\\\\Plagia\\\\Django\\\\PlagiarismDetector\\\\nlp\\\\Referencia/\", \"total_oraciones\": 39, \"tiempo_que_tardo\": \"05 segundos\", \"porcentaje_de_plagio\": 0, \"topico_con_mas_score\": [\"dato\", \"seguridad\", \"sistema\", \"tecnologia\", \"usuario\"]}'),(57,'resultados/Plagio_2_iwIORNj.pdf','2023-07-26 18:43:36.150610',1,65,0,'[]','{\"nombre_archivo\": \"2_iwIORNj.pdf\", \"path_resultado\": \"C:\\\\Users\\\\smart\\\\Documents\\\\Plagia\\\\Django\\\\PlagiarismDetector\\\\nlp\\\\Resultado/\", \"path_referencia\": \"C:\\\\Users\\\\smart\\\\Documents\\\\Plagia\\\\Django\\\\PlagiarismDetector\\\\nlp\\\\Referencia/\", \"total_oraciones\": 39, \"tiempo_que_tardo\": \"05 segundos\", \"porcentaje_de_plagio\": 0, \"topico_con_mas_score\": [\"dato\", \"nube\", \"seguridad\", \"servicio\", \"usuario\"]}'),(58,'','2023-07-26 18:44:18.291042',0,66,1,'[]','{}'),(59,'resultados/Plagio_2_sO2i6wg.pdf','2023-07-26 18:45:31.690330',1,67,0,'[]','{\"nombre_archivo\": \"2_sO2i6wg.pdf\", \"path_resultado\": \"C:\\\\Users\\\\smart\\\\Documents\\\\Plagia\\\\Django\\\\PlagiarismDetector\\\\nlp\\\\Resultado/\", \"path_referencia\": \"C:\\\\Users\\\\smart\\\\Documents\\\\Plagia\\\\Django\\\\PlagiarismDetector\\\\nlp\\\\Referencia/\", \"total_oraciones\": 39, \"tiempo_que_tardo\": \"05 segundos\", \"porcentaje_de_plagio\": 0, \"topico_con_mas_score\": [\"dato\", \"seguridad\", \"sistema\", \"acceso\", \"medida\"]}'),(60,'','2023-07-27 00:11:49.675273',0,68,1,'[]','{}'),(61,'','2023-07-27 00:21:26.932290',0,69,1,'[]','{}'),(62,'','2023-07-27 00:23:12.966424',0,70,1,'[]','{}'),(63,'','2023-07-27 00:24:04.167103',0,71,1,'[]','{}'),(64,'resultados/Plagio_1_p1RIsvc.pdf','2023-07-27 00:26:18.621109',1,72,0,'[]','{\"nombre_archivo\": \"1_p1RIsvc.pdf\", \"path_resultado\": \"C:\\\\Users\\\\smart\\\\Documents\\\\Plagia\\\\Django\\\\PlagiarismDetector\\\\nlp\\\\Resultado/\", \"path_referencia\": \"C:\\\\Users\\\\smart\\\\Documents\\\\Plagia\\\\Django\\\\PlagiarismDetector\\\\nlp\\\\Referencia/\", \"total_oraciones\": 20, \"tiempo_que_tardo\": \"06 segundos\", \"porcentaje_de_plagio\": 0, \"topico_con_mas_score\": [\"metodologia\", \"proyecto\", \"entrega\", \"enfoque\", \"cambio\"]}'),(65,'resultados/Plagio_1_DP5NWYc.pdf','2023-07-27 00:27:39.668459',1,73,0,'[]','{\"nombre_archivo\": \"1_DP5NWYc.pdf\", \"path_resultado\": \"C:\\\\Users\\\\smart\\\\Documents\\\\Plagia\\\\Django\\\\PlagiarismDetector\\\\nlp\\\\Resultado/\", \"path_referencia\": \"C:\\\\Users\\\\smart\\\\Documents\\\\Plagia\\\\Django\\\\PlagiarismDetector\\\\nlp\\\\Referencia/\", \"total_oraciones\": 20, \"tiempo_que_tardo\": \"06 segundos\", \"porcentaje_de_plagio\": 0, \"topico_con_mas_score\": [\"fruta\", \"verdura\", \"riesgo\", \"salud\", \"metodologia\"]}'),(66,'','2023-07-31 03:44:56.092019',0,74,1,'[]','{}'),(67,'','2023-07-31 03:50:25.309999',0,75,1,'[]','{}'),(68,'','2023-07-31 03:54:13.404998',0,76,1,'[]','{}'),(69,'resultados/Plagio_SeguridadIPlagio_1xczMo8.docx','2023-08-01 12:51:47.332882',1,77,0,'[[\"La seguridad de la informacion es un tema de suma importancia en nuestra era digital\", \"La seguridad de la informacion se ha convertido en un tema de suma importancia en la era digital en la que vivimos\", 0.8819171036881969, \"SeguridadIOriginal.pdf\", \"(1, 23)\"], [\"Con el avance tecnologico y nuestra dependencia creciente de los sistemas informaticos, la proteccion de la informacion se ha vuelto crucial para individuos, empresas y gobiernos\", \"Con el avance de la tecnologia y la creciente dependencia de los sistemas informaticos, salvaguardar la informacion se ha vuelto crucial para individuos, empresas y gobiernos\", 0.8571428571428571, \"SeguridadIOriginal.pdf\", \"(23, 51)\"], [\"El concepto de seguridad de la informacion abarca una amplia gama de medidas y practicas destinadas a preservar la confidencialidad, integridad y disponibilidad de los datos\", \"La seguridad de la informacion abarca una amplia gama de medidas y practicas destinadas a proteger la confidencialidad, integridad y disponibilidad de los datos\", 0.8280786712108251, \"SeguridadIOriginal.pdf\", \"(51, 76)\"], [\"En el mundo actual, donde los datos son considerados un activo valioso, la perdida o compromiso de informacion confidencial puede tener consecuencias devastadoras\", \"En un mundo donde los datos se han convertido en un activo valioso, la perdida o compromiso de informacion confidencial puede tener consecuencias desastrosas\", 0.8280786712108251, \"SeguridadIOriginal.pdf\", \"(104, 129)\"], [\"Los delincuentes ciberneticos buscan constantemente vulnerabilidades en los sistemas para obtener acceso no autorizado a datos sensibles, lo que puede resultar en robo de identidad, fraudes financieros o dano a la reputacion de una organizacion\", \"Los ciberdelincuentes buscan constantemente vulnerabilidades en los sistemas para obtener acceso no autorizado a datos sensibles, lo que puede resultar en robo de identidad, fraudes financieros o dano a la reputacion de una organizacion\", 0.9271050693011066, \"SeguridadIOriginal.pdf\", \"(129, 165)\"], [\"Ademas, la seguridad de la informacion es esencial para cumplir con las leyes y regulaciones de privacidad\", \"Ademas, la seguridad de la informacion es fundamental para garantizar el cumplimiento de las leyes y regulaciones de privacidad\", 0.7071067811865475, \"SeguridadIOriginal.pdf\", \"(165, 185)\"], [\"Las empresas deben acatar normativas como el Reglamento General de Proteccion de Datos (GDPR) en la Union Europea, que establece estandares rigurosos para el manejo y proteccion de datos personales\", \"Reglamento General de Proteccion de Datos (GDPR) en la Union Europea, que establece estandares estrictos para el manejo y proteccion de datos personales\", 0.8355044182110839, \"SeguridadIOriginal.pdf\", \"(193, 219)\"], [\"En resumen, la seguridad de la informacion es un aspecto critico en la era digital\", \"En conclusion, la seguridad de la informacion es un aspecto fundamental en la era digital\", 0.7142857142857142, \"SeguridadIOriginal.pdf\", \"(219, 235)\"], [\"La proteccion de los datos debe ser una prioridad tanto a nivel personal como empresarial\", \"La proteccion de los datos debe ser una prioridad tanto a nivel personal como empresarial\", 1.0, \"SeguridadIOriginal.pdf\", \"(235, 250)\"], [\"La implementacion de medidas de seguridad efectivas y la comprension de las ultimas amenazas y vulnerabilidades son fundamentales para mantener la confianza de los usuarios y salvaguardar la informacion valiosa en un mundo cada vez mas interconectado y dependiente de la tecnologia\", \"Implementar medidas de seguridad efectivas y estar al tanto de las ultimas amenazas y vulnerabilidades es esencial para mantener la confianza de los usuarios y proteger la informacion valiosa en un mundo cada vez mas conectado y dependiente de la tecnologia\", 0.7735267838285932, \"SeguridadIOriginal.pdf\", \"(250, 291)\"]]','{\"nombre_archivo\": \"SeguridadIPlagio_1xczMo8.pdf\", \"path_resultado\": \"C:\\\\Users\\\\smart\\\\Documents\\\\Plagia Final\\\\PlagiarismDetectorFinal\\\\PlagiarismDjango\\\\nlp\\\\Resultado/\", \"path_referencia\": \"C:\\\\Users\\\\smart\\\\Documents\\\\Plagia Final\\\\PlagiarismDetectorFinal\\\\PlagiarismDjango\\\\nlp\\\\Referencia/\", \"total_oraciones\": 12, \"tiempo_que_tardo\": \"15 segundos\", \"porcentaje_de_plagio\": 83.52746070065749, \"topico_con_mas_score\": [\"dato\", \"seguridad\", \"usuario\", \"empresa\", \"acceso\"]}'),(70,'','2023-08-01 13:03:57.363562',0,78,1,'[]','{}'),(71,'resultados/Plagio_SeguridadIPlagio_dLOoJH7.pdf','2023-08-01 13:53:45.336324',1,79,0,'[[\"La seguridad de la informacion es un tema de suma importancia en nuestra era digital\", \"La seguridad de la informacion se ha convertido en un tema de suma importancia en la era digital en la que vivimos\", 0.8819171036881969, \"SeguridadIOriginal.pdf\", \"(1, 23)\"], [\"Con el avance tecnologico y nuestra dependencia creciente de los sistemas informaticos, la proteccion de la informacion se ha vuelto crucial para individuos, empresas y gobiernos\", \"Con el avance de la tecnologia y la creciente dependencia de los sistemas informaticos, salvaguardar la informacion se ha vuelto crucial para individuos, empresas y gobiernos\", 0.8571428571428571, \"SeguridadIOriginal.pdf\", \"(23, 51)\"], [\"El concepto de seguridad de la informacion abarca una amplia gama de medidas y practicas destinadas a preservar la confidencialidad, integridad y disponibilidad de los datos\", \"La seguridad de la informacion abarca una amplia gama de medidas y practicas destinadas a proteger la confidencialidad, integridad y disponibilidad de los datos\", 0.8280786712108251, \"SeguridadIOriginal.pdf\", \"(51, 76)\"], [\"En el mundo actual, donde los datos son considerados un activo valioso, la perdida o compromiso de informacion confidencial puede tener consecuencias devastadoras\", \"En un mundo donde los datos se han convertido en un activo valioso, la perdida o compromiso de informacion confidencial puede tener consecuencias desastrosas\", 0.8280786712108251, \"SeguridadIOriginal.pdf\", \"(104, 129)\"], [\"Los delincuentes ciberneticos buscan constantemente vulnerabilidades en los sistemas para obtener acceso no autorizado a datos sensibles, lo que puede resultar en robo de identidad, fraudes financieros o dano a la reputacion de una organizacion\", \"Los ciberdelincuentes buscan constantemente vulnerabilidades en los sistemas para obtener acceso no autorizado a datos sensibles, lo que puede resultar en robo de identidad, fraudes financieros o dano a la reputacion de una organizacion\", 0.9271050693011066, \"SeguridadIOriginal.pdf\", \"(129, 165)\"], [\"Ademas, la seguridad de la informacion es esencial para cumplir con las leyes y regulaciones de privacidad\", \"Ademas, la seguridad de la informacion es fundamental para garantizar el cumplimiento de las leyes y regulaciones de privacidad\", 0.7071067811865475, \"SeguridadIOriginal.pdf\", \"(165, 185)\"], [\"Las empresas deben acatar normativas como el Reglamento General de Proteccion de Datos (GDPR) en la Union Europea, que establece estandares rigurosos para el manejo y proteccion de datos personales\", \"Reglamento General de Proteccion de Datos (GDPR) en la Union Europea, que establece estandares estrictos para el manejo y proteccion de datos personales\", 0.8355044182110839, \"SeguridadIOriginal.pdf\", \"(193, 219)\"], [\"En resumen, la seguridad de la informacion es un aspecto critico en la era digital\", \"En conclusion, la seguridad de la informacion es un aspecto fundamental en la era digital\", 0.7142857142857142, \"SeguridadIOriginal.pdf\", \"(219, 235)\"], [\"La proteccion de los datos debe ser una prioridad tanto a nivel personal como empresarial\", \"La proteccion de los datos debe ser una prioridad tanto a nivel personal como empresarial\", 1.0, \"SeguridadIOriginal.pdf\", \"(235, 250)\"], [\"La implementacion de medidas de seguridad efectivas y la comprension de las ultimas amenazas y vulnerabilidades son fundamentales para mantener la confianza de los usuarios y salvaguardar la informacion valiosa en un mundo cada vez mas interconectado y dependiente de la tecnologia\", \"Implementar medidas de seguridad efectivas y estar al tanto de las ultimas amenazas y vulnerabilidades es esencial para mantener la confianza de los usuarios y proteger la informacion valiosa en un mundo cada vez mas conectado y dependiente de la tecnologia\", 0.7735267838285932, \"SeguridadIOriginal.pdf\", \"(250, 291)\"]]','{\"nombre_archivo\": \"SeguridadIPlagio_dLOoJH7.pdf\", \"path_resultado\": \"C:\\\\Users\\\\smart\\\\Documents\\\\Plagia Final\\\\PlagiarismDetectorFinal\\\\PlagiarismDjango\\\\nlp\\\\Resultado/\", \"path_referencia\": \"C:\\\\Users\\\\smart\\\\Documents\\\\Plagia Final\\\\PlagiarismDetectorFinal\\\\PlagiarismDjango\\\\nlp\\\\Referencia/\", \"total_oraciones\": 12, \"tiempo_que_tardo\": \"04 segundos\", \"porcentaje_de_plagio\": 83.52746070065749, \"topico_con_mas_score\": [\"dato\", \"seguridad\", \"tecnologia\", \"acceso\", \"usuario\"]}'),(72,'resultados/Plagio_SeguridadIPlagio_0jJZ6Xv.pdf','2023-08-01 14:02:49.037181',1,80,0,'[[\"La seguridad de la informacion es un tema de suma importancia en nuestra era digital\", \"La seguridad de la informacion se ha convertido en un tema de suma importancia en la era digital en la que vivimos\", 0.8819171036881969, \"SeguridadIOriginal.pdf\", \"(1, 23)\"], [\"Con el avance tecnologico y nuestra dependencia creciente de los sistemas informaticos, la proteccion de la informacion se ha vuelto crucial para individuos, empresas y gobiernos\", \"Con el avance de la tecnologia y la creciente dependencia de los sistemas informaticos, salvaguardar la informacion se ha vuelto crucial para individuos, empresas y gobiernos\", 0.8571428571428571, \"SeguridadIOriginal.pdf\", \"(23, 51)\"], [\"El concepto de seguridad de la informacion abarca una amplia gama de medidas y practicas destinadas a preservar la confidencialidad, integridad y disponibilidad de los datos\", \"La seguridad de la informacion abarca una amplia gama de medidas y practicas destinadas a proteger la confidencialidad, integridad y disponibilidad de los datos\", 0.8280786712108251, \"SeguridadIOriginal.pdf\", \"(51, 76)\"], [\"En el mundo actual, donde los datos son considerados un activo valioso, la perdida o compromiso de informacion confidencial puede tener consecuencias devastadoras\", \"En un mundo donde los datos se han convertido en un activo valioso, la perdida o compromiso de informacion confidencial puede tener consecuencias desastrosas\", 0.8280786712108251, \"SeguridadIOriginal.pdf\", \"(104, 129)\"], [\"Los delincuentes ciberneticos buscan constantemente vulnerabilidades en los sistemas para obtener acceso no autorizado a datos sensibles, lo que puede resultar en robo de identidad, fraudes financieros o dano a la reputacion de una organizacion\", \"Los ciberdelincuentes buscan constantemente vulnerabilidades en los sistemas para obtener acceso no autorizado a datos sensibles, lo que puede resultar en robo de identidad, fraudes financieros o dano a la reputacion de una organizacion\", 0.9271050693011066, \"SeguridadIOriginal.pdf\", \"(129, 165)\"], [\"Ademas, la seguridad de la informacion es esencial para cumplir con las leyes y regulaciones de privacidad\", \"Ademas, la seguridad de la informacion es fundamental para garantizar el cumplimiento de las leyes y regulaciones de privacidad\", 0.7071067811865475, \"SeguridadIOriginal.pdf\", \"(165, 185)\"], [\"Las empresas deben acatar normativas como el Reglamento General de Proteccion de Datos (GDPR) en la Union Europea, que establece estandares rigurosos para el manejo y proteccion de datos personales\", \"Reglamento General de Proteccion de Datos (GDPR) en la Union Europea, que establece estandares estrictos para el manejo y proteccion de datos personales\", 0.8355044182110839, \"SeguridadIOriginal.pdf\", \"(193, 219)\"], [\"En resumen, la seguridad de la informacion es un aspecto critico en la era digital\", \"En conclusion, la seguridad de la informacion es un aspecto fundamental en la era digital\", 0.7142857142857142, \"SeguridadIOriginal.pdf\", \"(219, 235)\"], [\"La proteccion de los datos debe ser una prioridad tanto a nivel personal como empresarial\", \"La proteccion de los datos debe ser una prioridad tanto a nivel personal como empresarial\", 1.0, \"SeguridadIOriginal.pdf\", \"(235, 250)\"], [\"La implementacion de medidas de seguridad efectivas y la comprension de las ultimas amenazas y vulnerabilidades son fundamentales para mantener la confianza de los usuarios y salvaguardar la informacion valiosa en un mundo cada vez mas interconectado y dependiente de la tecnologia\", \"Implementar medidas de seguridad efectivas y estar al tanto de las ultimas amenazas y vulnerabilidades es esencial para mantener la confianza de los usuarios y proteger la informacion valiosa en un mundo cada vez mas conectado y dependiente de la tecnologia\", 0.7735267838285932, \"SeguridadIOriginal.pdf\", \"(250, 291)\"]]','{\"nombre_archivo\": \"SeguridadIPlagio_0jJZ6Xv.pdf\", \"path_resultado\": \"C:\\\\Users\\\\smart\\\\Documents\\\\Plagia Final\\\\PlagiarismDetectorFinal\\\\PlagiarismDjango\\\\nlp\\\\Resultado/\", \"path_referencia\": \"C:\\\\Users\\\\smart\\\\Documents\\\\Plagia Final\\\\PlagiarismDetectorFinal\\\\PlagiarismDjango\\\\nlp\\\\Referencia/\", \"total_oraciones\": 12, \"tiempo_que_tardo\": \"04 segundos\", \"porcentaje_de_plagio\": 83.52746070065749, \"topico_con_mas_score\": [\"dato\", \"seguridad\", \"sistema\", \"medida\", \"acceso\"]}'),(73,'resultados/Plagio_SeguridadIPlagio_uP5NCmF.pdf','2023-08-01 14:08:13.459363',1,81,0,'[[\"La seguridad de la informacion es un tema de suma importancia en nuestra era digital\", \"La seguridad de la informacion se ha convertido en un tema de suma importancia en la era digital en la que vivimos\", 0.8819171036881969, \"SeguridadIOriginal.pdf\", \"(1, 23)\"], [\"Con el avance tecnologico y nuestra dependencia creciente de los sistemas informaticos, la proteccion de la informacion se ha vuelto crucial para individuos, empresas y gobiernos\", \"Con el avance de la tecnologia y la creciente dependencia de los sistemas informaticos, salvaguardar la informacion se ha vuelto crucial para individuos, empresas y gobiernos\", 0.8571428571428571, \"SeguridadIOriginal.pdf\", \"(23, 51)\"], [\"El concepto de seguridad de la informacion abarca una amplia gama de medidas y practicas destinadas a preservar la confidencialidad, integridad y disponibilidad de los datos\", \"La seguridad de la informacion abarca una amplia gama de medidas y practicas destinadas a proteger la confidencialidad, integridad y disponibilidad de los datos\", 0.8280786712108251, \"SeguridadIOriginal.pdf\", \"(51, 76)\"], [\"En el mundo actual, donde los datos son considerados un activo valioso, la perdida o compromiso de informacion confidencial puede tener consecuencias devastadoras\", \"En un mundo donde los datos se han convertido en un activo valioso, la perdida o compromiso de informacion confidencial puede tener consecuencias desastrosas\", 0.8280786712108251, \"SeguridadIOriginal.pdf\", \"(104, 129)\"], [\"Los delincuentes ciberneticos buscan constantemente vulnerabilidades en los sistemas para obtener acceso no autorizado a datos sensibles, lo que puede resultar en robo de identidad, fraudes financieros o dano a la reputacion de una organizacion\", \"Los ciberdelincuentes buscan constantemente vulnerabilidades en los sistemas para obtener acceso no autorizado a datos sensibles, lo que puede resultar en robo de identidad, fraudes financieros o dano a la reputacion de una organizacion\", 0.9271050693011066, \"SeguridadIOriginal.pdf\", \"(129, 165)\"], [\"Ademas, la seguridad de la informacion es esencial para cumplir con las leyes y regulaciones de privacidad\", \"Ademas, la seguridad de la informacion es fundamental para garantizar el cumplimiento de las leyes y regulaciones de privacidad\", 0.7071067811865475, \"SeguridadIOriginal.pdf\", \"(165, 185)\"], [\"Las empresas deben acatar normativas como el Reglamento General de Proteccion de Datos (GDPR) en la Union Europea, que establece estandares rigurosos para el manejo y proteccion de datos personales\", \"Reglamento General de Proteccion de Datos (GDPR) en la Union Europea, que establece estandares estrictos para el manejo y proteccion de datos personales\", 0.8355044182110839, \"SeguridadIOriginal.pdf\", \"(193, 219)\"], [\"En resumen, la seguridad de la informacion es un aspecto critico en la era digital\", \"En conclusion, la seguridad de la informacion es un aspecto fundamental en la era digital\", 0.7142857142857142, \"SeguridadIOriginal.pdf\", \"(219, 235)\"], [\"La proteccion de los datos debe ser una prioridad tanto a nivel personal como empresarial\", \"La proteccion de los datos debe ser una prioridad tanto a nivel personal como empresarial\", 1.0, \"SeguridadIOriginal.pdf\", \"(235, 250)\"], [\"La implementacion de medidas de seguridad efectivas y la comprension de las ultimas amenazas y vulnerabilidades son fundamentales para mantener la confianza de los usuarios y salvaguardar la informacion valiosa en un mundo cada vez mas interconectado y dependiente de la tecnologia\", \"Implementar medidas de seguridad efectivas y estar al tanto de las ultimas amenazas y vulnerabilidades es esencial para mantener la confianza de los usuarios y proteger la informacion valiosa en un mundo cada vez mas conectado y dependiente de la tecnologia\", 0.7735267838285932, \"SeguridadIOriginal.pdf\", \"(250, 291)\"]]','{\"nombre_archivo\": \"SeguridadIPlagio_uP5NCmF.pdf\", \"path_resultado\": \"C:\\\\Users\\\\smart\\\\Documents\\\\Plagia Final\\\\PlagiarismDetectorFinal\\\\PlagiarismDjango\\\\nlp\\\\Resultado/\", \"path_referencia\": \"C:\\\\Users\\\\smart\\\\Documents\\\\Plagia Final\\\\PlagiarismDetectorFinal\\\\PlagiarismDjango\\\\nlp\\\\Referencia/\", \"total_oraciones\": 12, \"tiempo_que_tardo\": \"04 segundos\", \"porcentaje_de_plagio\": 83.52746070065749, \"topico_con_mas_score\": [\"cerebro\", \"lobulo\", \"dato\", \"organo\", \"hemisferio\"]}'),(74,'resultados/Plagio_MetdologiasAPlagio_yyuKbwD.pdf','2023-08-01 14:21:08.846980',1,82,0,'[[\"La seguridad de la informacion es un tema de suma importancia en nuestra era digital\", \"La seguridad de la informacion se ha convertido en un tema de suma importancia en la era digital en la que vivimos\", 0.8819171036881969, \"SeguridadIOriginal.pdf\", \"(1, 23)\"], [\"Con el avance tecnologico y nuestra dependencia creciente de los sistemas informaticos, la proteccion de la informacion se ha vuelto crucial para individuos, empresas y gobiernos\", \"Con el avance de la tecnologia y la creciente dependencia de los sistemas informaticos, salvaguardar la informacion se ha vuelto crucial para individuos, empresas y gobiernos\", 0.8571428571428571, \"SeguridadIOriginal.pdf\", \"(23, 51)\"], [\"El concepto de seguridad de la informacion abarca una amplia gama de medidas y practicas destinadas a preservar la confidencialidad, integridad y disponibilidad de los datos\", \"La seguridad de la informacion abarca una amplia gama de medidas y practicas destinadas a proteger la confidencialidad, integridad y disponibilidad de los datos\", 0.8280786712108251, \"SeguridadIOriginal.pdf\", \"(51, 76)\"], [\"En el mundo actual, donde los datos son considerados un activo valioso, la perdida o compromiso de informacion confidencial puede tener consecuencias devastadoras\", \"En un mundo donde los datos se han convertido en un activo valioso, la perdida o compromiso de informacion confidencial puede tener consecuencias desastrosas\", 0.8280786712108251, \"SeguridadIOriginal.pdf\", \"(104, 129)\"], [\"Los delincuentes ciberneticos buscan constantemente vulnerabilidades en los sistemas para obtener acceso no autorizado a datos sensibles, lo que puede resultar en robo de identidad, fraudes financieros o dano a la reputacion de una organizacion\", \"Los ciberdelincuentes buscan constantemente vulnerabilidades en los sistemas para obtener acceso no autorizado a datos sensibles, lo que puede resultar en robo de identidad, fraudes financieros o dano a la reputacion de una organizacion\", 0.9271050693011066, \"SeguridadIOriginal.pdf\", \"(129, 165)\"], [\"Ademas, la seguridad de la informacion es esencial para cumplir con las leyes y regulaciones de privacidad\", \"Ademas, la seguridad de la informacion es fundamental para garantizar el cumplimiento de las leyes y regulaciones de privacidad\", 0.7071067811865475, \"SeguridadIOriginal.pdf\", \"(165, 185)\"], [\"Las empresas deben acatar normativas como el Reglamento General de Proteccion de Datos (GDPR) en la Union Europea, que establece estandares rigurosos para el manejo y proteccion de datos personales\", \"Reglamento General de Proteccion de Datos (GDPR) en la Union Europea, que establece estandares estrictos para el manejo y proteccion de datos personales\", 0.8355044182110839, \"SeguridadIOriginal.pdf\", \"(193, 219)\"], [\"En resumen, la seguridad de la informacion es un aspecto critico en la era digital\", \"En conclusion, la seguridad de la informacion es un aspecto fundamental en la era digital\", 0.7142857142857142, \"SeguridadIOriginal.pdf\", \"(219, 235)\"], [\"La proteccion de los datos debe ser una prioridad tanto a nivel personal como empresarial\", \"La proteccion de los datos debe ser una prioridad tanto a nivel personal como empresarial\", 1.0, \"SeguridadIOriginal.pdf\", \"(235, 250)\"], [\"La implementacion de medidas de seguridad efectivas y la comprension de las ultimas amenazas y vulnerabilidades son fundamentales para mantener la confianza de los usuarios y salvaguardar la informacion valiosa en un mundo cada vez mas interconectado y dependiente de la tecnologia\", \"Implementar medidas de seguridad efectivas y estar al tanto de las ultimas amenazas y vulnerabilidades es esencial para mantener la confianza de los usuarios y proteger la informacion valiosa en un mundo cada vez mas conectado y dependiente de la tecnologia\", 0.7735267838285932, \"SeguridadIOriginal.pdf\", \"(250, 291)\"], [\"La seguridad de la informacion es un tema de suma importancia en nuestra era digital\", \"La seguridad de la informacion se ha convertido en un tema de suma importancia en la era digital en la que vivimos\", 0.8819171036881969, \"SeguridadIOriginal.pdf\", \"(1, 23)\"], [\"Con el avance tecnologico y nuestra dependencia creciente de los sistemas informaticos, la proteccion de la informacion se ha vuelto crucial para individuos, empresas y gobiernos\", \"Con el avance de la tecnologia y la creciente dependencia de los sistemas informaticos, salvaguardar la informacion se ha vuelto crucial para individuos, empresas y gobiernos\", 0.8571428571428571, \"SeguridadIOriginal.pdf\", \"(23, 51)\"], [\"El concepto de seguridad de la informacion abarca una amplia gama de medidas y practicas destinadas a preservar la confidencialidad, integridad y disponibilidad de los datos\", \"La seguridad de la informacion abarca una amplia gama de medidas y practicas destinadas a proteger la confidencialidad, integridad y disponibilidad de los datos\", 0.8280786712108251, \"SeguridadIOriginal.pdf\", \"(51, 76)\"], [\"En el mundo actual, donde los datos son considerados un activo valioso, la perdida o compromiso de informacion confidencial puede tener consecuencias devastadoras\", \"En un mundo donde los datos se han convertido en un activo valioso, la perdida o compromiso de informacion confidencial puede tener consecuencias desastrosas\", 0.8280786712108251, \"SeguridadIOriginal.pdf\", \"(104, 129)\"], [\"Los delincuentes ciberneticos buscan constantemente vulnerabilidades en los sistemas para obtener acceso no autorizado a datos sensibles, lo que puede resultar en robo de identidad, fraudes financieros o dano a la reputacion de una organizacion\", \"Los ciberdelincuentes buscan constantemente vulnerabilidades en los sistemas para obtener acceso no autorizado a datos sensibles, lo que puede resultar en robo de identidad, fraudes financieros o dano a la reputacion de una organizacion\", 0.9271050693011066, \"SeguridadIOriginal.pdf\", \"(129, 165)\"], [\"Ademas, la seguridad de la informacion es esencial para cumplir con las leyes y regulaciones de privacidad\", \"Ademas, la seguridad de la informacion es fundamental para garantizar el cumplimiento de las leyes y regulaciones de privacidad\", 0.7071067811865475, \"SeguridadIOriginal.pdf\", \"(165, 185)\"], [\"Las empresas deben acatar normativas como el Reglamento General de Proteccion de Datos (GDPR) en la Union Europea, que establece estandares rigurosos para el manejo y proteccion de datos personales\", \"Reglamento General de Proteccion de Datos (GDPR) en la Union Europea, que establece estandares estrictos para el manejo y proteccion de datos personales\", 0.8355044182110839, \"SeguridadIOriginal.pdf\", \"(193, 219)\"], [\"En resumen, la seguridad de la informacion es un aspecto critico en la era digital\", \"En conclusion, la seguridad de la informacion es un aspecto fundamental en la era digital\", 0.7142857142857142, \"SeguridadIOriginal.pdf\", \"(219, 235)\"], [\"La proteccion de los datos debe ser una prioridad tanto a nivel personal como empresarial\", \"La proteccion de los datos debe ser una prioridad tanto a nivel personal como empresarial\", 1.0, \"SeguridadIOriginal.pdf\", \"(235, 250)\"], [\"La implementacion de medidas de seguridad efectivas y la comprension de las ultimas amenazas y vulnerabilidades son fundamentales para mantener la confianza de los usuarios y salvaguardar la informacion valiosa en un mundo cada vez mas interconectado y dependiente de la tecnologia\", \"Implementar medidas de seguridad efectivas y estar al tanto de las ultimas amenazas y vulnerabilidades es esencial para mantener la confianza de los usuarios y proteger la informacion valiosa en un mundo cada vez mas conectado y dependiente de la tecnologia\", 0.7735267838285932, \"SeguridadIOriginal.pdf\", \"(250, 291)\"], [\"En lugar de seguir un plan rigido y predefinido, las metodologias agiles se basan en ciclos de trabajo mas cortos, conocidos como \\\"iteraciones\\\" o \\\"sprints\\\"\", \"En lugar de seguir un plan rigido y predefinido, las metodologias agiles se basan en ciclos de trabajo mas cortos conocidos como \\\"iteraciones\\\" o \\\"sprints\\\"\", 1.0, \"MetdologiasAOriginal.pdf\", \"(43, 73)\"], [\"A diferencia de los enfoques tradicionales de gestion de proyectos, las metodologias agiles se caracterizan por su enfoque en la adaptabilidad, la colaboracion y la entrega iterativa\", \"A diferencia de los enfoques tradicionales de gestion de proyectos, las metodologias agiles se centran en la adaptabilidad, la colaboracion y la entrega iterativa\", 0.8894991799933215, \"MetdologiasAOriginal.pdf\", \"(17, 43)\"], [\"Estos periodos de tiempo limitados permiten una mayor flexibilidad y capacidad de respuesta a medida que se obtienen resultados tangibles\", \"Estos periodos de tiempo limitados permiten una mayor flexibilidad y capacidad de respuesta a medida que se van obteniendo resultados tangibles\", 0.8894991799933215, \"MetdologiasAOriginal.pdf\", \"(73, 94)\"], [\"La comunicacion y la colaboracion son aspectos clave en las metodologias agiles\", \"La comunicacion y la colaboracion son fundamentales en las metodologias agiles\", 0.7715167498104595, \"MetdologiasAOriginal.pdf\", \"(94, 105)\"], [\"Los requisitos del proyecto pueden evolucionar a lo largo del tiempo y las metodologias agiles permiten una mayor flexibilidad para abordar estos cambios\", \"Los requisitos del proyecto pueden evolucionar a lo largo del tiempo, y las metodologias agiles permiten una mayor flexibilidad para abordar estos cambios\", 1.0, \"MetdologiasAOriginal.pdf\", \"(158, 182)\"], [\"Esto promueve una mayor transparencia y estimula la retroalimentacion constante, lo que posibilita realizar ajustes y mejoras en tiempo real\", \"Esto fomenta una mayor transparencia y alienta la retroalimentacion constante, lo que permite realizar ajustes y mejoras en tiempo real\", 0.7692307692307694, \"MetdologiasAOriginal.pdf\", \"(120, 141)\"], [\"Una de las principales ventajas de las metodologias agiles es su capacidad para adaptarse a los cambios\", \"Una de las principales ventajas de las metodologias agiles es su capacidad para adaptarse a los cambios\", 0.9999999999999998, \"MetdologiasAOriginal.pdf\", \"(141, 158)\"], [\"Esto ayuda a evitar la rigidez de los enfoques tradicionales, donde los cambios pueden ser costosos y dificiles de implementar\", \"Esto ayuda a evitar la rigidez de los enfoques tradicionales, donde los cambios pueden ser costosos y dificiles de implementar\", 1.0000000000000002, \"MetdologiasAOriginal.pdf\", \"(182, 203)\"], [\"Su enfoque en la adaptabilidad, la colaboracion y la entrega continua de valor ha impulsado la eficiencia y la calidad en el desarrollo de productos y servicios\", \"Su enfoque en la adaptabilidad, la colaboracion y la entrega continua de valor ha impulsado la eficiencia y la calidad en el desarrollo de productos y servicios\", 1.0000000000000002, \"MetdologiasAOriginal.pdf\", \"(283, 311)\"], [\"Esto brinda la oportunidad de recibir retroalimentacion temprana por parte de los interesados y permite realizar ajustes en funcion de dicha retroalimentacion\", \"Esto brinda la oportunidad de obtener retroalimentacion temprana por parte de los stakeholders y permite realizar ajustes en base a esa retroalimentacion\", 0.7745966692414834, \"MetdologiasAOriginal.pdf\", \"(241, 263)\"], [\"En resumen, las metodologias agiles han demostrado ser un enfoque efectivo para la gestion de proyectos en el ambito empresarial\", \"En conclusion, las metodologias agiles han demostrado ser un enfoque efectivo para la gestion de proyectos en entornos empresariales\", 0.7500000000000001, \"MetdologiasAOriginal.pdf\", \"(263, 283)\"], [\"En lugar de esperar hasta el final del proyecto para obtener resultados, las iteraciones permiten la entrega gradual de productos o funcionalidades\", \"En lugar de esperar hasta el final del proyecto para obtener resultados, las iteraciones permiten la entrega gradual de productos o funcionalidades\", 1.0000000000000002, \"MetdologiasAOriginal.pdf\", \"(218, 241)\"], [\"Ademas, las metodologias agiles fomentan la entrega temprana y continua de valor\", \"Ademas, las metodologias agiles fomentan la entrega de valor de manera temprana y continua\", 0.9428090415820632, \"MetdologiasAOriginal.pdf\", \"(203, 218)\"], [\"Los equipos de trabajo interactuan de manera continua, compartiendo informacion, ideas y desafios\", \"Los equipos de trabajo interactuan de manera continua, compartiendo informacion, ideas y desafios\", 0.9999999999999998, \"MetdologiasAOriginal.pdf\", \"(105, 120)\"], [\"Al adoptar las metodologias agiles, las organizaciones pueden mejorar su capacidad para enfrentar los desafios en un entorno empresarial en constante cambio\", \"Al adoptar las metodologias agiles, las organizaciones pueden mejorar su capacidad para enfrentar los desafios en un entorno empresarial en constante cambio\", 1.0, \"MetdologiasAOriginal.pdf\", \"(311, 334)\"]]','{\"nombre_archivo\": \"MetdologiasAPlagio_yyuKbwD.pdf\", \"path_resultado\": \"C:\\\\Users\\\\smart\\\\Documents\\\\Plagia Final\\\\PlagiarismDetectorFinal\\\\PlagiarismDjango\\\\nlp\\\\Resultado/\", \"path_referencia\": \"C:\\\\Users\\\\smart\\\\Documents\\\\Plagia Final\\\\PlagiarismDetectorFinal\\\\PlagiarismDjango\\\\nlp\\\\Referencia/\", \"total_oraciones\": 16, \"tiempo_que_tardo\": \"05 segundos\", \"porcentaje_de_plagio\": 87.12183922852262, \"topico_con_mas_score\": [\"cerebro\", \"lobulo\", \"dato\", \"organo\", \"hemisferio\", \"metodologia\", \"proyecto\", \"cambio\", \"enfoque\", \"entrega\"]}'),(75,'resultados/Plagio_MetdologiasAPlagio_oS26TFv.pdf','2023-08-01 14:23:21.309736',1,83,0,'[[\"A diferencia de los enfoques tradicionales de gestion de proyectos, las metodologias agiles se caracterizan por su enfoque en la adaptabilidad, la colaboracion y la entrega iterativa\", \"A diferencia de los enfoques tradicionales de gestion de proyectos, las metodologias agiles se centran en la adaptabilidad, la colaboracion y la entrega iterativa\", 0.8894991799933215, \"MetdologiasAOriginal.pdf\", \"(17, 43)\"], [\"En lugar de seguir un plan rigido y predefinido, las metodologias agiles se basan en ciclos de trabajo mas cortos, conocidos como \\\"iteraciones\\\" o \\\"sprints\\\"\", \"En lugar de seguir un plan rigido y predefinido, las metodologias agiles se basan en ciclos de trabajo mas cortos conocidos como \\\"iteraciones\\\" o \\\"sprints\\\"\", 1.0, \"MetdologiasAOriginal.pdf\", \"(43, 73)\"], [\"Estos periodos de tiempo limitados permiten una mayor flexibilidad y capacidad de respuesta a medida que se obtienen resultados tangibles\", \"Estos periodos de tiempo limitados permiten una mayor flexibilidad y capacidad de respuesta a medida que se van obteniendo resultados tangibles\", 0.8894991799933215, \"MetdologiasAOriginal.pdf\", \"(73, 94)\"], [\"La comunicacion y la colaboracion son aspectos clave en las metodologias agiles\", \"La comunicacion y la colaboracion son fundamentales en las metodologias agiles\", 0.7715167498104595, \"MetdologiasAOriginal.pdf\", \"(94, 105)\"], [\"Los equipos de trabajo interactuan de manera continua, compartiendo informacion, ideas y desafios\", \"Los equipos de trabajo interactuan de manera continua, compartiendo informacion, ideas y desafios\", 0.9999999999999998, \"MetdologiasAOriginal.pdf\", \"(105, 120)\"], [\"Esto promueve una mayor transparencia y estimula la retroalimentacion constante, lo que posibilita realizar ajustes y mejoras en tiempo real\", \"Esto fomenta una mayor transparencia y alienta la retroalimentacion constante, lo que permite realizar ajustes y mejoras en tiempo real\", 0.7692307692307694, \"MetdologiasAOriginal.pdf\", \"(120, 141)\"], [\"Una de las principales ventajas de las metodologias agiles es su capacidad para adaptarse a los cambios\", \"Una de las principales ventajas de las metodologias agiles es su capacidad para adaptarse a los cambios\", 0.9999999999999998, \"MetdologiasAOriginal.pdf\", \"(141, 158)\"], [\"Los requisitos del proyecto pueden evolucionar a lo largo del tiempo y las metodologias agiles permiten una mayor flexibilidad para abordar estos cambios\", \"Los requisitos del proyecto pueden evolucionar a lo largo del tiempo, y las metodologias agiles permiten una mayor flexibilidad para abordar estos cambios\", 1.0, \"MetdologiasAOriginal.pdf\", \"(158, 182)\"], [\"Esto ayuda a evitar la rigidez de los enfoques tradicionales, donde los cambios pueden ser costosos y dificiles de implementar\", \"Esto ayuda a evitar la rigidez de los enfoques tradicionales, donde los cambios pueden ser costosos y dificiles de implementar\", 1.0000000000000002, \"MetdologiasAOriginal.pdf\", \"(182, 203)\"], [\"Ademas, las metodologias agiles fomentan la entrega temprana y continua de valor\", \"Ademas, las metodologias agiles fomentan la entrega de valor de manera temprana y continua\", 0.9428090415820632, \"MetdologiasAOriginal.pdf\", \"(203, 218)\"], [\"En lugar de esperar hasta el final del proyecto para obtener resultados, las iteraciones permiten la entrega gradual de productos o funcionalidades\", \"En lugar de esperar hasta el final del proyecto para obtener resultados, las iteraciones permiten la entrega gradual de productos o funcionalidades\", 1.0000000000000002, \"MetdologiasAOriginal.pdf\", \"(218, 241)\"], [\"Esto brinda la oportunidad de recibir retroalimentacion temprana por parte de los interesados y permite realizar ajustes en funcion de dicha retroalimentacion\", \"Esto brinda la oportunidad de obtener retroalimentacion temprana por parte de los stakeholders y permite realizar ajustes en base a esa retroalimentacion\", 0.7745966692414834, \"MetdologiasAOriginal.pdf\", \"(241, 263)\"], [\"En resumen, las metodologias agiles han demostrado ser un enfoque efectivo para la gestion de proyectos en el ambito empresarial\", \"En conclusion, las metodologias agiles han demostrado ser un enfoque efectivo para la gestion de proyectos en entornos empresariales\", 0.7500000000000001, \"MetdologiasAOriginal.pdf\", \"(263, 283)\"], [\"Su enfoque en la adaptabilidad, la colaboracion y la entrega continua de valor ha impulsado la eficiencia y la calidad en el desarrollo de productos y servicios\", \"Su enfoque en la adaptabilidad, la colaboracion y la entrega continua de valor ha impulsado la eficiencia y la calidad en el desarrollo de productos y servicios\", 1.0000000000000002, \"MetdologiasAOriginal.pdf\", \"(283, 311)\"], [\"Al adoptar las metodologias agiles, las organizaciones pueden mejorar su capacidad para enfrentar los desafios en un entorno empresarial en constante cambio\", \"Al adoptar las metodologias agiles, las organizaciones pueden mejorar su capacidad para enfrentar los desafios en un entorno empresarial en constante cambio\", 1.0, \"MetdologiasAOriginal.pdf\", \"(311, 334)\"]]','{\"nombre_archivo\": \"MetdologiasAPlagio_oS26TFv.pdf\", \"path_resultado\": \"C:\\\\Users\\\\smart\\\\Documents\\\\Plagia Final\\\\PlagiarismDetectorFinal\\\\PlagiarismDjango\\\\nlp\\\\Resultado/\", \"path_referencia\": \"C:\\\\Users\\\\smart\\\\Documents\\\\Plagia Final\\\\PlagiarismDetectorFinal\\\\PlagiarismDjango\\\\nlp\\\\Referencia/\", \"total_oraciones\": 16, \"tiempo_que_tardo\": \"04 segundos\", \"porcentaje_de_plagio\": 91.9143439323428, \"topico_con_mas_score\": [\"metodologia\", \"proyecto\", \"cambio\", \"enfoque\", \"entrega\"]}'),(76,'resultados/Plagio_MetdologiasAPlagio_mVOit0p.pdf','2023-08-01 14:32:30.400624',1,84,0,'[[\"A diferencia de los enfoques tradicionales de gestion de proyectos, las metodologias agiles se caracterizan por su enfoque en la adaptabilidad, la colaboracion y la entrega iterativa\", \"A diferencia de los enfoques tradicionales de gestion de proyectos, las metodologias agiles se centran en la adaptabilidad, la colaboracion y la entrega iterativa\", 0.8894991799933215, \"MetdologiasAOriginal.pdf\", \"(17, 43)\"], [\"En lugar de seguir un plan rigido y predefinido, las metodologias agiles se basan en ciclos de trabajo mas cortos, conocidos como \\\"iteraciones\\\" o \\\"sprints\\\"\", \"En lugar de seguir un plan rigido y predefinido, las metodologias agiles se basan en ciclos de trabajo mas cortos conocidos como \\\"iteraciones\\\" o \\\"sprints\\\"\", 1.0, \"MetdologiasAOriginal.pdf\", \"(43, 73)\"], [\"Estos periodos de tiempo limitados permiten una mayor flexibilidad y capacidad de respuesta a medida que se obtienen resultados tangibles\", \"Estos periodos de tiempo limitados permiten una mayor flexibilidad y capacidad de respuesta a medida que se van obteniendo resultados tangibles\", 0.8894991799933215, \"MetdologiasAOriginal.pdf\", \"(73, 94)\"], [\"La comunicacion y la colaboracion son aspectos clave en las metodologias agiles\", \"La comunicacion y la colaboracion son fundamentales en las metodologias agiles\", 0.7715167498104595, \"MetdologiasAOriginal.pdf\", \"(94, 105)\"], [\"Los equipos de trabajo interactuan de manera continua, compartiendo informacion, ideas y desafios\", \"Los equipos de trabajo interactuan de manera continua, compartiendo informacion, ideas y desafios\", 0.9999999999999998, \"MetdologiasAOriginal.pdf\", \"(105, 120)\"], [\"Esto promueve una mayor transparencia y estimula la retroalimentacion constante, lo que posibilita realizar ajustes y mejoras en tiempo real\", \"Esto fomenta una mayor transparencia y alienta la retroalimentacion constante, lo que permite realizar ajustes y mejoras en tiempo real\", 0.7692307692307694, \"MetdologiasAOriginal.pdf\", \"(120, 141)\"], [\"Una de las principales ventajas de las metodologias agiles es su capacidad para adaptarse a los cambios\", \"Una de las principales ventajas de las metodologias agiles es su capacidad para adaptarse a los cambios\", 0.9999999999999998, \"MetdologiasAOriginal.pdf\", \"(141, 158)\"], [\"Los requisitos del proyecto pueden evolucionar a lo largo del tiempo y las metodologias agiles permiten una mayor flexibilidad para abordar estos cambios\", \"Los requisitos del proyecto pueden evolucionar a lo largo del tiempo, y las metodologias agiles permiten una mayor flexibilidad para abordar estos cambios\", 1.0, \"MetdologiasAOriginal.pdf\", \"(158, 182)\"], [\"Esto ayuda a evitar la rigidez de los enfoques tradicionales, donde los cambios pueden ser costosos y dificiles de implementar\", \"Esto ayuda a evitar la rigidez de los enfoques tradicionales, donde los cambios pueden ser costosos y dificiles de implementar\", 1.0000000000000002, \"MetdologiasAOriginal.pdf\", \"(182, 203)\"], [\"Ademas, las metodologias agiles fomentan la entrega temprana y continua de valor\", \"Ademas, las metodologias agiles fomentan la entrega de valor de manera temprana y continua\", 0.9428090415820632, \"MetdologiasAOriginal.pdf\", \"(203, 218)\"], [\"En lugar de esperar hasta el final del proyecto para obtener resultados, las iteraciones permiten la entrega gradual de productos o funcionalidades\", \"En lugar de esperar hasta el final del proyecto para obtener resultados, las iteraciones permiten la entrega gradual de productos o funcionalidades\", 1.0000000000000002, \"MetdologiasAOriginal.pdf\", \"(218, 241)\"], [\"Esto brinda la oportunidad de recibir retroalimentacion temprana por parte de los interesados y permite realizar ajustes en funcion de dicha retroalimentacion\", \"Esto brinda la oportunidad de obtener retroalimentacion temprana por parte de los stakeholders y permite realizar ajustes en base a esa retroalimentacion\", 0.7745966692414834, \"MetdologiasAOriginal.pdf\", \"(241, 263)\"], [\"En resumen, las metodologias agiles han demostrado ser un enfoque efectivo para la gestion de proyectos en el ambito empresarial\", \"En conclusion, las metodologias agiles han demostrado ser un enfoque efectivo para la gestion de proyectos en entornos empresariales\", 0.7500000000000001, \"MetdologiasAOriginal.pdf\", \"(263, 283)\"], [\"Su enfoque en la adaptabilidad, la colaboracion y la entrega continua de valor ha impulsado la eficiencia y la calidad en el desarrollo de productos y servicios\", \"Su enfoque en la adaptabilidad, la colaboracion y la entrega continua de valor ha impulsado la eficiencia y la calidad en el desarrollo de productos y servicios\", 1.0000000000000002, \"MetdologiasAOriginal.pdf\", \"(283, 311)\"], [\"Al adoptar las metodologias agiles, las organizaciones pueden mejorar su capacidad para enfrentar los desafios en un entorno empresarial en constante cambio\", \"Al adoptar las metodologias agiles, las organizaciones pueden mejorar su capacidad para enfrentar los desafios en un entorno empresarial en constante cambio\", 1.0, \"MetdologiasAOriginal.pdf\", \"(311, 334)\"]]','{\"nombre_archivo\": \"MetdologiasAPlagio_mVOit0p.pdf\", \"path_resultado\": \"C:\\\\Users\\\\smart\\\\Documents\\\\Plagia Final\\\\PlagiarismDetectorFinal\\\\PlagiarismDjango\\\\nlp\\\\Resultado/\", \"path_referencia\": \"C:\\\\Users\\\\smart\\\\Documents\\\\Plagia Final\\\\PlagiarismDetectorFinal\\\\PlagiarismDjango\\\\nlp\\\\Referencia/\", \"total_oraciones\": 16, \"tiempo_que_tardo\": \"04 segundos\", \"porcentaje_de_plagio\": 91.9143439323428, \"topico_con_mas_score\": [\"metodologia\", \"proyecto\", \"cambio\", \"enfoque\", \"entrega\"]}'),(77,'resultados/Plagio_SeguridadIPlagio_5ZjCSNh.pdf','2023-08-01 14:34:37.694178',1,85,0,'[[\"La seguridad de la informacion es un tema de suma importancia en nuestra era digital\", \"La seguridad de la informacion se ha convertido en un tema de suma importancia en la era digital en la que vivimos\", 0.8819171036881969, \"SeguridadIOriginal.pdf\", \"(1, 23)\"], [\"Con el avance tecnologico y nuestra dependencia creciente de los sistemas informaticos, la proteccion de la informacion se ha vuelto crucial para individuos, empresas y gobiernos\", \"Con el avance de la tecnologia y la creciente dependencia de los sistemas informaticos, salvaguardar la informacion se ha vuelto crucial para individuos, empresas y gobiernos\", 0.8571428571428571, \"SeguridadIOriginal.pdf\", \"(23, 51)\"], [\"El concepto de seguridad de la informacion abarca una amplia gama de medidas y practicas destinadas a preservar la confidencialidad, integridad y disponibilidad de los datos\", \"La seguridad de la informacion abarca una amplia gama de medidas y practicas destinadas a proteger la confidencialidad, integridad y disponibilidad de los datos\", 0.8280786712108251, \"SeguridadIOriginal.pdf\", \"(51, 76)\"], [\"En el mundo actual, donde los datos son considerados un activo valioso, la perdida o compromiso de informacion confidencial puede tener consecuencias devastadoras\", \"En un mundo donde los datos se han convertido en un activo valioso, la perdida o compromiso de informacion confidencial puede tener consecuencias desastrosas\", 0.8280786712108251, \"SeguridadIOriginal.pdf\", \"(104, 129)\"], [\"Los delincuentes ciberneticos buscan constantemente vulnerabilidades en los sistemas para obtener acceso no autorizado a datos sensibles, lo que puede resultar en robo de identidad, fraudes financieros o dano a la reputacion de una organizacion\", \"Los ciberdelincuentes buscan constantemente vulnerabilidades en los sistemas para obtener acceso no autorizado a datos sensibles, lo que puede resultar en robo de identidad, fraudes financieros o dano a la reputacion de una organizacion\", 0.9271050693011066, \"SeguridadIOriginal.pdf\", \"(129, 165)\"], [\"Ademas, la seguridad de la informacion es esencial para cumplir con las leyes y regulaciones de privacidad\", \"Ademas, la seguridad de la informacion es fundamental para garantizar el cumplimiento de las leyes y regulaciones de privacidad\", 0.7071067811865475, \"SeguridadIOriginal.pdf\", \"(165, 185)\"], [\"Las empresas deben acatar normativas como el Reglamento General de Proteccion de Datos (GDPR) en la Union Europea, que establece estandares rigurosos para el manejo y proteccion de datos personales\", \"Reglamento General de Proteccion de Datos (GDPR) en la Union Europea, que establece estandares estrictos para el manejo y proteccion de datos personales\", 0.8355044182110839, \"SeguridadIOriginal.pdf\", \"(193, 219)\"], [\"En resumen, la seguridad de la informacion es un aspecto critico en la era digital\", \"En conclusion, la seguridad de la informacion es un aspecto fundamental en la era digital\", 0.7142857142857142, \"SeguridadIOriginal.pdf\", \"(219, 235)\"], [\"La proteccion de los datos debe ser una prioridad tanto a nivel personal como empresarial\", \"La proteccion de los datos debe ser una prioridad tanto a nivel personal como empresarial\", 1.0, \"SeguridadIOriginal.pdf\", \"(235, 250)\"], [\"La implementacion de medidas de seguridad efectivas y la comprension de las ultimas amenazas y vulnerabilidades son fundamentales para mantener la confianza de los usuarios y salvaguardar la informacion valiosa en un mundo cada vez mas interconectado y dependiente de la tecnologia\", \"Implementar medidas de seguridad efectivas y estar al tanto de las ultimas amenazas y vulnerabilidades es esencial para mantener la confianza de los usuarios y proteger la informacion valiosa en un mundo cada vez mas conectado y dependiente de la tecnologia\", 0.7735267838285932, \"SeguridadIOriginal.pdf\", \"(250, 291)\"]]','{\"nombre_archivo\": \"SeguridadIPlagio_5ZjCSNh.pdf\", \"path_resultado\": \"C:\\\\Users\\\\smart\\\\Documents\\\\Plagia Final\\\\PlagiarismDetectorFinal\\\\PlagiarismDjango\\\\nlp\\\\Resultado/\", \"path_referencia\": \"C:\\\\Users\\\\smart\\\\Documents\\\\Plagia Final\\\\PlagiarismDetectorFinal\\\\PlagiarismDjango\\\\nlp\\\\Referencia/\", \"total_oraciones\": 12, \"tiempo_que_tardo\": \"04 segundos\", \"porcentaje_de_plagio\": 83.52746070065749, \"topico_con_mas_score\": [\"dato\", \"seguridad\", \"mundo\", \"acceso\", \"usuario\"]}'),(78,'resultados/Plagio_SeguridadIPlagio_xgN5yaQ.pdf','2023-08-01 14:56:37.309415',1,86,0,'[[\"La seguridad de la informacion es un tema de suma importancia en nuestra era digital\", \"La seguridad de la informacion se ha convertido en un tema de suma importancia en la era digital en la que vivimos\", 0.8819171036881969, \"SeguridadIOriginal.pdf\", \"(1, 23)\"], [\"Con el avance tecnologico y nuestra dependencia creciente de los sistemas informaticos, la proteccion de la informacion se ha vuelto crucial para individuos, empresas y gobiernos\", \"Con el avance de la tecnologia y la creciente dependencia de los sistemas informaticos, salvaguardar la informacion se ha vuelto crucial para individuos, empresas y gobiernos\", 0.8571428571428571, \"SeguridadIOriginal.pdf\", \"(23, 51)\"], [\"El concepto de seguridad de la informacion abarca una amplia gama de medidas y practicas destinadas a preservar la confidencialidad, integridad y disponibilidad de los datos\", \"La seguridad de la informacion abarca una amplia gama de medidas y practicas destinadas a proteger la confidencialidad, integridad y disponibilidad de los datos\", 0.8280786712108251, \"SeguridadIOriginal.pdf\", \"(51, 76)\"], [\"En el mundo actual, donde los datos son considerados un activo valioso, la perdida o compromiso de informacion confidencial puede tener consecuencias devastadoras\", \"En un mundo donde los datos se han convertido en un activo valioso, la perdida o compromiso de informacion confidencial puede tener consecuencias desastrosas\", 0.8280786712108251, \"SeguridadIOriginal.pdf\", \"(104, 129)\"], [\"Los delincuentes ciberneticos buscan constantemente vulnerabilidades en los sistemas para obtener acceso no autorizado a datos sensibles, lo que puede resultar en robo de identidad, fraudes financieros o dano a la reputacion de una organizacion\", \"Los ciberdelincuentes buscan constantemente vulnerabilidades en los sistemas para obtener acceso no autorizado a datos sensibles, lo que puede resultar en robo de identidad, fraudes financieros o dano a la reputacion de una organizacion\", 0.9271050693011066, \"SeguridadIOriginal.pdf\", \"(129, 165)\"], [\"Ademas, la seguridad de la informacion es esencial para cumplir con las leyes y regulaciones de privacidad\", \"Ademas, la seguridad de la informacion es fundamental para garantizar el cumplimiento de las leyes y regulaciones de privacidad\", 0.7071067811865475, \"SeguridadIOriginal.pdf\", \"(165, 185)\"], [\"Las empresas deben acatar normativas como el Reglamento General de Proteccion de Datos (GDPR) en la Union Europea, que establece estandares rigurosos para el manejo y proteccion de datos personales\", \"Reglamento General de Proteccion de Datos (GDPR) en la Union Europea, que establece estandares estrictos para el manejo y proteccion de datos personales\", 0.8355044182110839, \"SeguridadIOriginal.pdf\", \"(193, 219)\"], [\"En resumen, la seguridad de la informacion es un aspecto critico en la era digital\", \"En conclusion, la seguridad de la informacion es un aspecto fundamental en la era digital\", 0.7142857142857142, \"SeguridadIOriginal.pdf\", \"(219, 235)\"], [\"La proteccion de los datos debe ser una prioridad tanto a nivel personal como empresarial\", \"La proteccion de los datos debe ser una prioridad tanto a nivel personal como empresarial\", 1.0, \"SeguridadIOriginal.pdf\", \"(235, 250)\"], [\"La implementacion de medidas de seguridad efectivas y la comprension de las ultimas amenazas y vulnerabilidades son fundamentales para mantener la confianza de los usuarios y salvaguardar la informacion valiosa en un mundo cada vez mas interconectado y dependiente de la tecnologia\", \"Implementar medidas de seguridad efectivas y estar al tanto de las ultimas amenazas y vulnerabilidades es esencial para mantener la confianza de los usuarios y proteger la informacion valiosa en un mundo cada vez mas conectado y dependiente de la tecnologia\", 0.7735267838285932, \"SeguridadIOriginal.pdf\", \"(250, 291)\"]]','{\"nombre_archivo\": \"SeguridadIPlagio_xgN5yaQ.pdf\", \"path_resultado\": \"C:\\\\Users\\\\smart\\\\Documents\\\\Plagia Final\\\\PlagiarismDetectorFinal\\\\PlagiarismDjango\\\\nlp\\\\Resultado/\", \"path_referencia\": \"C:\\\\Users\\\\smart\\\\Documents\\\\Plagia Final\\\\PlagiarismDetectorFinal\\\\PlagiarismDjango\\\\nlp\\\\Referencia/\", \"total_oraciones\": 12, \"tiempo_que_tardo\": \"07 segundos\", \"porcentaje_de_plagio\": 83.52746070065749, \"topico_con_mas_score\": [\"dato\", \"seguridad\", \"empresa\", \"acceso\", \"tecnologia\"]}'),(79,'resultados/Plagio_SeguridadIPlagio_GikhY7k.pdf','2023-08-01 14:57:54.377523',1,87,0,'[[\"La seguridad de la informacion es un tema de suma importancia en nuestra era digital\", \"La seguridad de la informacion se ha convertido en un tema de suma importancia en la era digital en la que vivimos\", 0.8819171036881969, \"SeguridadIOriginal.pdf\", \"(1, 23)\"], [\"Con el avance tecnologico y nuestra dependencia creciente de los sistemas informaticos, la proteccion de la informacion se ha vuelto crucial para individuos, empresas y gobiernos\", \"Con el avance de la tecnologia y la creciente dependencia de los sistemas informaticos, salvaguardar la informacion se ha vuelto crucial para individuos, empresas y gobiernos\", 0.8571428571428571, \"SeguridadIOriginal.pdf\", \"(23, 51)\"], [\"El concepto de seguridad de la informacion abarca una amplia gama de medidas y practicas destinadas a preservar la confidencialidad, integridad y disponibilidad de los datos\", \"La seguridad de la informacion abarca una amplia gama de medidas y practicas destinadas a proteger la confidencialidad, integridad y disponibilidad de los datos\", 0.8280786712108251, \"SeguridadIOriginal.pdf\", \"(51, 76)\"], [\"En el mundo actual, donde los datos son considerados un activo valioso, la perdida o compromiso de informacion confidencial puede tener consecuencias devastadoras\", \"En un mundo donde los datos se han convertido en un activo valioso, la perdida o compromiso de informacion confidencial puede tener consecuencias desastrosas\", 0.8280786712108251, \"SeguridadIOriginal.pdf\", \"(104, 129)\"], [\"Los delincuentes ciberneticos buscan constantemente vulnerabilidades en los sistemas para obtener acceso no autorizado a datos sensibles, lo que puede resultar en robo de identidad, fraudes financieros o dano a la reputacion de una organizacion\", \"Los ciberdelincuentes buscan constantemente vulnerabilidades en los sistemas para obtener acceso no autorizado a datos sensibles, lo que puede resultar en robo de identidad, fraudes financieros o dano a la reputacion de una organizacion\", 0.9271050693011066, \"SeguridadIOriginal.pdf\", \"(129, 165)\"], [\"Ademas, la seguridad de la informacion es esencial para cumplir con las leyes y regulaciones de privacidad\", \"Ademas, la seguridad de la informacion es fundamental para garantizar el cumplimiento de las leyes y regulaciones de privacidad\", 0.7071067811865475, \"SeguridadIOriginal.pdf\", \"(165, 185)\"], [\"Las empresas deben acatar normativas como el Reglamento General de Proteccion de Datos (GDPR) en la Union Europea, que establece estandares rigurosos para el manejo y proteccion de datos personales\", \"Reglamento General de Proteccion de Datos (GDPR) en la Union Europea, que establece estandares estrictos para el manejo y proteccion de datos personales\", 0.8355044182110839, \"SeguridadIOriginal.pdf\", \"(193, 219)\"], [\"En resumen, la seguridad de la informacion es un aspecto critico en la era digital\", \"En conclusion, la seguridad de la informacion es un aspecto fundamental en la era digital\", 0.7142857142857142, \"SeguridadIOriginal.pdf\", \"(219, 235)\"], [\"La proteccion de los datos debe ser una prioridad tanto a nivel personal como empresarial\", \"La proteccion de los datos debe ser una prioridad tanto a nivel personal como empresarial\", 1.0, \"SeguridadIOriginal.pdf\", \"(235, 250)\"], [\"La implementacion de medidas de seguridad efectivas y la comprension de las ultimas amenazas y vulnerabilidades son fundamentales para mantener la confianza de los usuarios y salvaguardar la informacion valiosa en un mundo cada vez mas interconectado y dependiente de la tecnologia\", \"Implementar medidas de seguridad efectivas y estar al tanto de las ultimas amenazas y vulnerabilidades es esencial para mantener la confianza de los usuarios y proteger la informacion valiosa en un mundo cada vez mas conectado y dependiente de la tecnologia\", 0.7735267838285932, \"SeguridadIOriginal.pdf\", \"(250, 291)\"]]','{\"nombre_archivo\": \"SeguridadIPlagio_GikhY7k.pdf\", \"path_resultado\": \"C:\\\\Users\\\\smart\\\\Documents\\\\Plagia Final\\\\PlagiarismDetectorFinal\\\\PlagiarismDjango\\\\nlp\\\\Resultado/\", \"path_referencia\": \"C:\\\\Users\\\\smart\\\\Documents\\\\Plagia Final\\\\PlagiarismDetectorFinal\\\\PlagiarismDjango\\\\nlp\\\\Referencia/\", \"total_oraciones\": 12, \"tiempo_que_tardo\": \"04 segundos\", \"porcentaje_de_plagio\": 83.52746070065749, \"topico_con_mas_score\": [\"dato\", \"seguridad\", \"fruta\", \"verdura\", \"sistema\"]}'),(80,'resultados/Plagio_SeguridadIPlagio_t9TVmjt.pdf','2023-08-01 14:59:46.028794',1,88,0,'[[\"La seguridad de la informacion es un tema de suma importancia en nuestra era digital\", \"La seguridad de la informacion se ha convertido en un tema de suma importancia en la era digital en la que vivimos\", 0.8819171036881969, \"SeguridadIOriginal.pdf\", \"(1, 23)\"], [\"Con el avance tecnologico y nuestra dependencia creciente de los sistemas informaticos, la proteccion de la informacion se ha vuelto crucial para individuos, empresas y gobiernos\", \"Con el avance de la tecnologia y la creciente dependencia de los sistemas informaticos, salvaguardar la informacion se ha vuelto crucial para individuos, empresas y gobiernos\", 0.8571428571428571, \"SeguridadIOriginal.pdf\", \"(23, 51)\"], [\"El concepto de seguridad de la informacion abarca una amplia gama de medidas y practicas destinadas a preservar la confidencialidad, integridad y disponibilidad de los datos\", \"La seguridad de la informacion abarca una amplia gama de medidas y practicas destinadas a proteger la confidencialidad, integridad y disponibilidad de los datos\", 0.8280786712108251, \"SeguridadIOriginal.pdf\", \"(51, 76)\"], [\"En el mundo actual, donde los datos son considerados un activo valioso, la perdida o compromiso de informacion confidencial puede tener consecuencias devastadoras\", \"En un mundo donde los datos se han convertido en un activo valioso, la perdida o compromiso de informacion confidencial puede tener consecuencias desastrosas\", 0.8280786712108251, \"SeguridadIOriginal.pdf\", \"(104, 129)\"], [\"Los delincuentes ciberneticos buscan constantemente vulnerabilidades en los sistemas para obtener acceso no autorizado a datos sensibles, lo que puede resultar en robo de identidad, fraudes financieros o dano a la reputacion de una organizacion\", \"Los ciberdelincuentes buscan constantemente vulnerabilidades en los sistemas para obtener acceso no autorizado a datos sensibles, lo que puede resultar en robo de identidad, fraudes financieros o dano a la reputacion de una organizacion\", 0.9271050693011066, \"SeguridadIOriginal.pdf\", \"(129, 165)\"], [\"Ademas, la seguridad de la informacion es esencial para cumplir con las leyes y regulaciones de privacidad\", \"Ademas, la seguridad de la informacion es fundamental para garantizar el cumplimiento de las leyes y regulaciones de privacidad\", 0.7071067811865475, \"SeguridadIOriginal.pdf\", \"(165, 185)\"], [\"Las empresas deben acatar normativas como el Reglamento General de Proteccion de Datos (GDPR) en la Union Europea, que establece estandares rigurosos para el manejo y proteccion de datos personales\", \"Reglamento General de Proteccion de Datos (GDPR) en la Union Europea, que establece estandares estrictos para el manejo y proteccion de datos personales\", 0.8355044182110839, \"SeguridadIOriginal.pdf\", \"(193, 219)\"], [\"En resumen, la seguridad de la informacion es un aspecto critico en la era digital\", \"En conclusion, la seguridad de la informacion es un aspecto fundamental en la era digital\", 0.7142857142857142, \"SeguridadIOriginal.pdf\", \"(219, 235)\"], [\"La proteccion de los datos debe ser una prioridad tanto a nivel personal como empresarial\", \"La proteccion de los datos debe ser una prioridad tanto a nivel personal como empresarial\", 1.0, \"SeguridadIOriginal.pdf\", \"(235, 250)\"], [\"La implementacion de medidas de seguridad efectivas y la comprension de las ultimas amenazas y vulnerabilidades son fundamentales para mantener la confianza de los usuarios y salvaguardar la informacion valiosa en un mundo cada vez mas interconectado y dependiente de la tecnologia\", \"Implementar medidas de seguridad efectivas y estar al tanto de las ultimas amenazas y vulnerabilidades es esencial para mantener la confianza de los usuarios y proteger la informacion valiosa en un mundo cada vez mas conectado y dependiente de la tecnologia\", 0.7735267838285932, \"SeguridadIOriginal.pdf\", \"(250, 291)\"]]','{\"nombre_archivo\": \"SeguridadIPlagio_t9TVmjt.pdf\", \"path_resultado\": \"C:\\\\Users\\\\smart\\\\Documents\\\\Plagia Final\\\\PlagiarismDetectorFinal\\\\PlagiarismDjango\\\\nlp\\\\Resultado/\", \"path_referencia\": \"C:\\\\Users\\\\smart\\\\Documents\\\\Plagia Final\\\\PlagiarismDetectorFinal\\\\PlagiarismDjango\\\\nlp\\\\Referencia/\", \"total_oraciones\": 12, \"tiempo_que_tardo\": \"04 segundos\", \"porcentaje_de_plagio\": 83.52746070065749, \"topico_con_mas_score\": [\"dato\", \"seguridad\", \"medida\", \"mundo\", \"tecnologia\"]}'),(81,'resultados/Plagio_SeguridadIPlagio_4ieg1V4.pdf','2023-08-01 15:02:28.032666',1,89,0,'[[\"La seguridad de la informacion es un tema de suma importancia en nuestra era digital\", \"La seguridad de la informacion se ha convertido en un tema de suma importancia en la era digital en la que vivimos\", 0.8819171036881969, \"SeguridadIOriginal.pdf\", \"(1, 23)\"], [\"Con el avance tecnologico y nuestra dependencia creciente de los sistemas informaticos, la proteccion de la informacion se ha vuelto crucial para individuos, empresas y gobiernos\", \"Con el avance de la tecnologia y la creciente dependencia de los sistemas informaticos, salvaguardar la informacion se ha vuelto crucial para individuos, empresas y gobiernos\", 0.8571428571428571, \"SeguridadIOriginal.pdf\", \"(23, 51)\"], [\"El concepto de seguridad de la informacion abarca una amplia gama de medidas y practicas destinadas a preservar la confidencialidad, integridad y disponibilidad de los datos\", \"La seguridad de la informacion abarca una amplia gama de medidas y practicas destinadas a proteger la confidencialidad, integridad y disponibilidad de los datos\", 0.8280786712108251, \"SeguridadIOriginal.pdf\", \"(51, 76)\"], [\"En el mundo actual, donde los datos son considerados un activo valioso, la perdida o compromiso de informacion confidencial puede tener consecuencias devastadoras\", \"En un mundo donde los datos se han convertido en un activo valioso, la perdida o compromiso de informacion confidencial puede tener consecuencias desastrosas\", 0.8280786712108251, \"SeguridadIOriginal.pdf\", \"(104, 129)\"], [\"Los delincuentes ciberneticos buscan constantemente vulnerabilidades en los sistemas para obtener acceso no autorizado a datos sensibles, lo que puede resultar en robo de identidad, fraudes financieros o dano a la reputacion de una organizacion\", \"Los ciberdelincuentes buscan constantemente vulnerabilidades en los sistemas para obtener acceso no autorizado a datos sensibles, lo que puede resultar en robo de identidad, fraudes financieros o dano a la reputacion de una organizacion\", 0.9271050693011066, \"SeguridadIOriginal.pdf\", \"(129, 165)\"], [\"Ademas, la seguridad de la informacion es esencial para cumplir con las leyes y regulaciones de privacidad\", \"Ademas, la seguridad de la informacion es fundamental para garantizar el cumplimiento de las leyes y regulaciones de privacidad\", 0.7071067811865475, \"SeguridadIOriginal.pdf\", \"(165, 185)\"], [\"Las empresas deben acatar normativas como el Reglamento General de Proteccion de Datos (GDPR) en la Union Europea, que establece estandares rigurosos para el manejo y proteccion de datos personales\", \"Reglamento General de Proteccion de Datos (GDPR) en la Union Europea, que establece estandares estrictos para el manejo y proteccion de datos personales\", 0.8355044182110839, \"SeguridadIOriginal.pdf\", \"(193, 219)\"], [\"En resumen, la seguridad de la informacion es un aspecto critico en la era digital\", \"En conclusion, la seguridad de la informacion es un aspecto fundamental en la era digital\", 0.7142857142857142, \"SeguridadIOriginal.pdf\", \"(219, 235)\"], [\"La proteccion de los datos debe ser una prioridad tanto a nivel personal como empresarial\", \"La proteccion de los datos debe ser una prioridad tanto a nivel personal como empresarial\", 1.0, \"SeguridadIOriginal.pdf\", \"(235, 250)\"], [\"La implementacion de medidas de seguridad efectivas y la comprension de las ultimas amenazas y vulnerabilidades son fundamentales para mantener la confianza de los usuarios y salvaguardar la informacion valiosa en un mundo cada vez mas interconectado y dependiente de la tecnologia\", \"Implementar medidas de seguridad efectivas y estar al tanto de las ultimas amenazas y vulnerabilidades es esencial para mantener la confianza de los usuarios y proteger la informacion valiosa en un mundo cada vez mas conectado y dependiente de la tecnologia\", 0.7735267838285932, \"SeguridadIOriginal.pdf\", \"(250, 291)\"]]','{\"nombre_archivo\": \"SeguridadIPlagio_4ieg1V4.pdf\", \"path_resultado\": \"C:\\\\Users\\\\smart\\\\Documents\\\\Plagia Final\\\\PlagiarismDetectorFinal\\\\PlagiarismDjango\\\\nlp\\\\Resultado/\", \"path_referencia\": \"C:\\\\Users\\\\smart\\\\Documents\\\\Plagia Final\\\\PlagiarismDetectorFinal\\\\PlagiarismDjango\\\\nlp\\\\Referencia/\", \"total_oraciones\": 12, \"tiempo_que_tardo\": \"04 segundos\", \"porcentaje_de_plagio\": 83.52746070065749, \"topico_con_mas_score\": [\"dato\", \"seguridad\", \"sistema\", \"usuario\", \"acceso\"]}'),(82,'','2023-08-01 16:44:22.749034',0,90,1,'[]','{}'),(83,'','2023-08-01 16:55:03.346749',0,91,1,'[]','{}'),(84,'','2023-08-01 16:57:17.950975',0,92,1,'[]','{}'),(85,'','2023-08-01 17:00:09.765201',0,93,1,'[]','{}'),(86,'','2023-08-01 17:03:37.723068',0,94,1,'[]','{}'),(87,'','2023-08-01 17:06:15.140982',0,95,1,'[]','{}'),(88,'','2023-08-01 18:09:03.755855',0,96,1,'[]','{}'),(89,'resultados/Plagio_SeguridadIPlagio_gTFA4FS.pdf','2023-08-01 18:10:29.148194',1,97,0,'[[\"La seguridad de la informacion es un tema de suma importancia en nuestra era digital\", \"La seguridad de la informacion se ha convertido en un tema de suma importancia en la era digital en la que vivimos\", 0.8819171036881969, \"SeguridadIOriginal.pdf\", \"(1, 23)\"], [\"Con el avance tecnologico y nuestra dependencia creciente de los sistemas informaticos, la proteccion de la informacion se ha vuelto crucial para individuos, empresas y gobiernos\", \"Con el avance de la tecnologia y la creciente dependencia de los sistemas informaticos, salvaguardar la informacion se ha vuelto crucial para individuos, empresas y gobiernos\", 0.8571428571428571, \"SeguridadIOriginal.pdf\", \"(23, 51)\"], [\"El concepto de seguridad de la informacion abarca una amplia gama de medidas y practicas destinadas a preservar la confidencialidad, integridad y disponibilidad de los datos\", \"La seguridad de la informacion abarca una amplia gama de medidas y practicas destinadas a proteger la confidencialidad, integridad y disponibilidad de los datos\", 0.8280786712108251, \"SeguridadIOriginal.pdf\", \"(51, 76)\"], [\"En el mundo actual, donde los datos son considerados un activo valioso, la perdida o compromiso de informacion confidencial puede tener consecuencias devastadoras\", \"En un mundo donde los datos se han convertido en un activo valioso, la perdida o compromiso de informacion confidencial puede tener consecuencias desastrosas\", 0.8280786712108251, \"SeguridadIOriginal.pdf\", \"(104, 129)\"], [\"Los delincuentes ciberneticos buscan constantemente vulnerabilidades en los sistemas para obtener acceso no autorizado a datos sensibles, lo que puede resultar en robo de identidad, fraudes financieros o dano a la reputacion de una organizacion\", \"Los ciberdelincuentes buscan constantemente vulnerabilidades en los sistemas para obtener acceso no autorizado a datos sensibles, lo que puede resultar en robo de identidad, fraudes financieros o dano a la reputacion de una organizacion\", 0.9271050693011066, \"SeguridadIOriginal.pdf\", \"(129, 165)\"], [\"Ademas, la seguridad de la informacion es esencial para cumplir con las leyes y regulaciones de privacidad\", \"Ademas, la seguridad de la informacion es fundamental para garantizar el cumplimiento de las leyes y regulaciones de privacidad\", 0.7071067811865475, \"SeguridadIOriginal.pdf\", \"(165, 185)\"], [\"Las empresas deben acatar normativas como el Reglamento General de Proteccion de Datos (GDPR) en la Union Europea, que establece estandares rigurosos para el manejo y proteccion de datos personales\", \"Reglamento General de Proteccion de Datos (GDPR) en la Union Europea, que establece estandares estrictos para el manejo y proteccion de datos personales\", 0.8355044182110839, \"SeguridadIOriginal.pdf\", \"(193, 219)\"], [\"En resumen, la seguridad de la informacion es un aspecto critico en la era digital\", \"En conclusion, la seguridad de la informacion es un aspecto fundamental en la era digital\", 0.7142857142857142, \"SeguridadIOriginal.pdf\", \"(219, 235)\"], [\"La proteccion de los datos debe ser una prioridad tanto a nivel personal como empresarial\", \"La proteccion de los datos debe ser una prioridad tanto a nivel personal como empresarial\", 1.0, \"SeguridadIOriginal.pdf\", \"(235, 250)\"], [\"La implementacion de medidas de seguridad efectivas y la comprension de las ultimas amenazas y vulnerabilidades son fundamentales para mantener la confianza de los usuarios y salvaguardar la informacion valiosa en un mundo cada vez mas interconectado y dependiente de la tecnologia\", \"Implementar medidas de seguridad efectivas y estar al tanto de las ultimas amenazas y vulnerabilidades es esencial para mantener la confianza de los usuarios y proteger la informacion valiosa en un mundo cada vez mas conectado y dependiente de la tecnologia\", 0.7735267838285932, \"SeguridadIOriginal.pdf\", \"(250, 291)\"]]','{\"nombre_archivo\": \"SeguridadIPlagio_gTFA4FS.pdf\", \"path_resultado\": \"C:\\\\Users\\\\smart\\\\Documents\\\\Plagia Final\\\\PlagiarismDetectorFinal\\\\PlagiarismDjango\\\\nlp\\\\Resultado/\", \"path_referencia\": \"C:\\\\Users\\\\smart\\\\Documents\\\\Plagia Final\\\\PlagiarismDetectorFinal\\\\PlagiarismDjango\\\\nlp\\\\Referencia/\", \"total_oraciones\": 12, \"tiempo_que_tardo\": \"06 segundos\", \"porcentaje_de_plagio\": 83.52746070065749, \"topico_con_mas_score\": [\"dato\", \"seguridad\", \"medida\", \"acceso\", \"mundo\"]}'),(90,'','2023-08-02 13:23:45.548753',0,98,1,'[]','{}'),(93,'resultados/Plagio_CloudCPlagio_l8nelbe.pdf','2023-08-02 13:25:36.384315',1,99,0,'[[\"A diferencia de los enfoques tradicionales de gestion de proyectos, las metodologias agiles se caracterizan por su enfoque en la adaptabilidad, la colaboracion y la entrega iterativa\", \"A diferencia de los enfoques tradicionales de gestion de proyectos, las metodologias agiles se centran en la adaptabilidad, la colaboracion y la entrega iterativa\", 0.8894991799933215, \"MetdologiasAOriginal.pdf\", \"(17, 43)\"], [\"En lugar de seguir un plan rigido y predefinido, las metodologias agiles se basan en ciclos de trabajo mas cortos, conocidos como \\\"iteraciones\\\" o \\\"sprints\\\"\", \"En lugar de seguir un plan rigido y predefinido, las metodologias agiles se basan en ciclos de trabajo mas cortos conocidos como \\\"iteraciones\\\" o \\\"sprints\\\"\", 1.0, \"MetdologiasAOriginal.pdf\", \"(43, 73)\"], [\"Estos periodos de tiempo limitados permiten una mayor flexibilidad y capacidad de respuesta a medida que se obtienen resultados tangibles\", \"Estos periodos de tiempo limitados permiten una mayor flexibilidad y capacidad de respuesta a medida que se van obteniendo resultados tangibles\", 0.8894991799933215, \"MetdologiasAOriginal.pdf\", \"(73, 94)\"], [\"La comunicacion y la colaboracion son aspectos clave en las metodologias agiles\", \"La comunicacion y la colaboracion son fundamentales en las metodologias agiles\", 0.7715167498104595, \"MetdologiasAOriginal.pdf\", \"(94, 105)\"], [\"Los equipos de trabajo interactuan de manera continua, compartiendo informacion, ideas y desafios\", \"Los equipos de trabajo interactuan de manera continua, compartiendo informacion, ideas y desafios\", 0.9999999999999998, \"MetdologiasAOriginal.pdf\", \"(105, 120)\"], [\"Esto promueve una mayor transparencia y estimula la retroalimentacion constante, lo que posibilita realizar ajustes y mejoras en tiempo real\", \"Esto fomenta una mayor transparencia y alienta la retroalimentacion constante, lo que permite realizar ajustes y mejoras en tiempo real\", 0.7692307692307694, \"MetdologiasAOriginal.pdf\", \"(120, 141)\"], [\"Una de las principales ventajas de las metodologias agiles es su capacidad para adaptarse a los cambios\", \"Una de las principales ventajas de las metodologias agiles es su capacidad para adaptarse a los cambios\", 0.9999999999999998, \"MetdologiasAOriginal.pdf\", \"(141, 158)\"], [\"Los requisitos del proyecto pueden evolucionar a lo largo del tiempo y las metodologias agiles permiten una mayor flexibilidad para abordar estos cambios\", \"Los requisitos del proyecto pueden evolucionar a lo largo del tiempo, y las metodologias agiles permiten una mayor flexibilidad para abordar estos cambios\", 1.0, \"MetdologiasAOriginal.pdf\", \"(158, 182)\"], [\"Esto ayuda a evitar la rigidez de los enfoques tradicionales, donde los cambios pueden ser costosos y dificiles de implementar\", \"Esto ayuda a evitar la rigidez de los enfoques tradicionales, donde los cambios pueden ser costosos y dificiles de implementar\", 1.0000000000000002, \"MetdologiasAOriginal.pdf\", \"(182, 203)\"], [\"Ademas, las metodologias agiles fomentan la entrega temprana y continua de valor\", \"Ademas, las metodologias agiles fomentan la entrega de valor de manera temprana y continua\", 0.9428090415820632, \"MetdologiasAOriginal.pdf\", \"(203, 218)\"], [\"En lugar de esperar hasta el final del proyecto para obtener resultados, las iteraciones permiten la entrega gradual de productos o funcionalidades\", \"En lugar de esperar hasta el final del proyecto para obtener resultados, las iteraciones permiten la entrega gradual de productos o funcionalidades\", 1.0000000000000002, \"MetdologiasAOriginal.pdf\", \"(218, 241)\"], [\"Esto brinda la oportunidad de recibir retroalimentacion temprana por parte de los interesados y permite realizar ajustes en funcion de dicha retroalimentacion\", \"Esto brinda la oportunidad de obtener retroalimentacion temprana por parte de los stakeholders y permite realizar ajustes en base a esa retroalimentacion\", 0.7745966692414834, \"MetdologiasAOriginal.pdf\", \"(241, 263)\"], [\"En resumen, las metodologias agiles han demostrado ser un enfoque efectivo para la gestion de proyectos en el ambito empresarial\", \"En conclusion, las metodologias agiles han demostrado ser un enfoque efectivo para la gestion de proyectos en entornos empresariales\", 0.7500000000000001, \"MetdologiasAOriginal.pdf\", \"(263, 283)\"], [\"Su enfoque en la adaptabilidad, la colaboracion y la entrega continua de valor ha impulsado la eficiencia y la calidad en el desarrollo de productos y servicios\", \"Su enfoque en la adaptabilidad, la colaboracion y la entrega continua de valor ha impulsado la eficiencia y la calidad en el desarrollo de productos y servicios\", 1.0000000000000002, \"MetdologiasAOriginal.pdf\", \"(283, 311)\"], [\"Al adoptar las metodologias agiles, las organizaciones pueden mejorar su capacidad para enfrentar los desafios en un entorno empresarial en constante cambio\", \"Al adoptar las metodologias agiles, las organizaciones pueden mejorar su capacidad para enfrentar los desafios en un entorno empresarial en constante cambio\", 1.0, \"MetdologiasAOriginal.pdf\", \"(311, 334)\"], [\"A diferencia de los enfoques tradicionales de gestion de proyectos, las metodologias agiles se caracterizan por su enfoque en la adaptabilidad, la colaboracion y la entrega iterativa\", \"A diferencia de los enfoques tradicionales de gestion de proyectos, las metodologias agiles se centran en la adaptabilidad, la colaboracion y la entrega iterativa\", 0.8894991799933215, \"MetdologiasAOriginal.pdf\", \"(17, 43)\"], [\"En lugar de seguir un plan rigido y predefinido, las metodologias agiles se basan en ciclos de trabajo mas cortos, conocidos como \\\"iteraciones\\\" o \\\"sprints\\\"\", \"En lugar de seguir un plan rigido y predefinido, las metodologias agiles se basan en ciclos de trabajo mas cortos conocidos como \\\"iteraciones\\\" o \\\"sprints\\\"\", 1.0, \"MetdologiasAOriginal.pdf\", \"(43, 73)\"], [\"Estos periodos de tiempo limitados permiten una mayor flexibilidad y capacidad de respuesta a medida que se obtienen resultados tangibles\", \"Estos periodos de tiempo limitados permiten una mayor flexibilidad y capacidad de respuesta a medida que se van obteniendo resultados tangibles\", 0.8894991799933215, \"MetdologiasAOriginal.pdf\", \"(73, 94)\"], [\"La comunicacion y la colaboracion son aspectos clave en las metodologias agiles\", \"La comunicacion y la colaboracion son fundamentales en las metodologias agiles\", 0.7715167498104595, \"MetdologiasAOriginal.pdf\", \"(94, 105)\"], [\"Los equipos de trabajo interactuan de manera continua, compartiendo informacion, ideas y desafios\", \"Los equipos de trabajo interactuan de manera continua, compartiendo informacion, ideas y desafios\", 0.9999999999999998, \"MetdologiasAOriginal.pdf\", \"(105, 120)\"], [\"Esto promueve una mayor transparencia y estimula la retroalimentacion constante, lo que posibilita realizar ajustes y mejoras en tiempo real\", \"Esto fomenta una mayor transparencia y alienta la retroalimentacion constante, lo que permite realizar ajustes y mejoras en tiempo real\", 0.7692307692307694, \"MetdologiasAOriginal.pdf\", \"(120, 141)\"], [\"Una de las principales ventajas de las metodologias agiles es su capacidad para adaptarse a los cambios\", \"Una de las principales ventajas de las metodologias agiles es su capacidad para adaptarse a los cambios\", 0.9999999999999998, \"MetdologiasAOriginal.pdf\", \"(141, 158)\"], [\"Los requisitos del proyecto pueden evolucionar a lo largo del tiempo y las metodologias agiles permiten una mayor flexibilidad para abordar estos cambios\", \"Los requisitos del proyecto pueden evolucionar a lo largo del tiempo, y las metodologias agiles permiten una mayor flexibilidad para abordar estos cambios\", 1.0, \"MetdologiasAOriginal.pdf\", \"(158, 182)\"], [\"Esto ayuda a evitar la rigidez de los enfoques tradicionales, donde los cambios pueden ser costosos y dificiles de implementar\", \"Esto ayuda a evitar la rigidez de los enfoques tradicionales, donde los cambios pueden ser costosos y dificiles de implementar\", 1.0000000000000002, \"MetdologiasAOriginal.pdf\", \"(182, 203)\"], [\"Ademas, las metodologias agiles fomentan la entrega temprana y continua de valor\", \"Ademas, las metodologias agiles fomentan la entrega de valor de manera temprana y continua\", 0.9428090415820632, \"MetdologiasAOriginal.pdf\", \"(203, 218)\"], [\"En lugar de esperar hasta el final del proyecto para obtener resultados, las iteraciones permiten la entrega gradual de productos o funcionalidades\", \"En lugar de esperar hasta el final del proyecto para obtener resultados, las iteraciones permiten la entrega gradual de productos o funcionalidades\", 1.0000000000000002, \"MetdologiasAOriginal.pdf\", \"(218, 241)\"], [\"Esto brinda la oportunidad de recibir retroalimentacion temprana por parte de los interesados y permite realizar ajustes en funcion de dicha retroalimentacion\", \"Esto brinda la oportunidad de obtener retroalimentacion temprana por parte de los stakeholders y permite realizar ajustes en base a esa retroalimentacion\", 0.7745966692414834, \"MetdologiasAOriginal.pdf\", \"(241, 263)\"], [\"En resumen, las metodologias agiles han demostrado ser un enfoque efectivo para la gestion de proyectos en el ambito empresarial\", \"En conclusion, las metodologias agiles han demostrado ser un enfoque efectivo para la gestion de proyectos en entornos empresariales\", 0.7500000000000001, \"MetdologiasAOriginal.pdf\", \"(263, 283)\"], [\"Su enfoque en la adaptabilidad, la colaboracion y la entrega continua de valor ha impulsado la eficiencia y la calidad en el desarrollo de productos y servicios\", \"Su enfoque en la adaptabilidad, la colaboracion y la entrega continua de valor ha impulsado la eficiencia y la calidad en el desarrollo de productos y servicios\", 1.0000000000000002, \"MetdologiasAOriginal.pdf\", \"(283, 311)\"], [\"Al adoptar las metodologias agiles, las organizaciones pueden mejorar su capacidad para enfrentar los desafios en un entorno empresarial en constante cambio\", \"Al adoptar las metodologias agiles, las organizaciones pueden mejorar su capacidad para enfrentar los desafios en un entorno empresarial en constante cambio\", 1.0, \"MetdologiasAOriginal.pdf\", \"(311, 334)\"], [\"La computacion en la nube ha causado un impacto significativo en la manera en que almacenamos, accedemos y procesamos informacion en la era digital\", \"La computacion en la nube ha revolucionado la forma en que almacenamos, accedemos y procesamos informacion en la era digital\", 0.7302967433402214, \"CloudCOriginal.pdf\", \"(0, 21)\"], [\"A traves de servicios en la nube, como el almacenamiento en la nube y la infraestructura como servicio (IaaS), los usuarios pueden acceder a sus datos y aplicaciones desde cualquier lugar con conexion a Internet\", \"A traves de servicios en la nube, como el almacenamiento en la nube y la infraestructura como servicio (IaaS), los usuarios pueden acceder a sus datos y aplicaciones desde cualquier lugar con conexion a Internet\", 0.9999999999999998, \"CloudCOriginal.pdf\", \"(66, 105)\"], [\"Esto proporciona una mayor flexibilidad y eficiencia en el uso de los recursos informaticos\", \"Esto proporciona una mayor flexibilidad y eficiencia en la utilizacion de los recursos informaticos\", 0.8749999999999998, \"CloudCOriginal.pdf\", \"(145, 159)\"], [\"Ademas, la computacion en la nube ofrece una mayor disponibilidad y resistencia a fallos\", \"Ademas, la computacion en la nube ofrece una mayor disponibilidad y tolerancia a fallos\", 0.8749999999999998, \"CloudCOriginal.pdf\", \"(159, 174)\"], [\"Su flexibilidad, escalabilidad y. disponibilidad han permitido a personas y organizaciones aprovechar al maximo la tecnologia sin incurrir en costos excesivos\", \"Su flexibilidad, escalabilidad y disponibilidad han permitido a las personas y las organizaciones aprovechar al maximo la tecnologia sin incurrir en costos excesivos\", 1.0000000000000002, \"CloudCOriginal.pdf\", \"(315, 339)\"], [\"La computacion en la nube ha abierto nuevas posibilidades en terminos de almacenamiento, procesamiento y colaboracion, impulsando la eficiencia y la innovacion en la era digital\", \"La computacion en la nube ha abierto nuevas posibilidades en terminos de almacenamiento, procesamiento y colaboracion, impulsando la eficiencia y la innovacion en la era digital\", 1.0, \"CloudCOriginal.pdf\", \"(339, 367)\"], [\"Ademas, la computacion en la nube ha permitido el surgimiento de servicios de software como servicio (SaaS), que proporcionan acceso a aplicaciones y herramientas de alta calidad sin necesidad de instalarlas localmente\", \"Ademas, la computacion en la nube ha permitido el surgimiento de servicios de software como servicio (SaaS), que brindan acceso a aplicaciones y herramientas de alta calidad sin necesidad de instalarlas localmente\", 0.9444444444444446, \"CloudCOriginal.pdf\", \"(258, 294)\"], [\"Los proveedores de servicios en la nube generalmente cuentan con multiples centros de datos y. copias de seguridad redundantes, lo que garantiza la continuidad del servicio incluso en situaciones de fallos o desastres\", \"Los proveedores de servicios en la nube suelen tener multiples centros de datos y copias de seguridad redundantes, lo que garantiza la continuidad del servicio incluso en caso de fallos o desastres\", 0.8421052631578946, \"CloudCOriginal.pdf\", \"(174, 207)\"], [\"Esta tecnologia ha brindado a individuos y empresas la posibilidad de aprovechar recursos informaticos de manera flexible y escalable, sin la necesidad de invertir en infraestructura costosa\", \"Esta tecnologia ha permitido a individuos y empresas aprovechar recursos informaticos de forma flexible y escalable, sin necesidad de invertir en infraestructura costosa\", 0.8391463916782737, \"CloudCOriginal.pdf\", \"(21, 45)\"], [\"Los usuarios pueden compartir facilmente documentos y trabajar de forma colaborativa en tiempo real, mejorando asi la eficiencia y la comunicacion en los proyectos\", \"Los usuarios pueden compartir facilmente documentos y trabajar de forma colaborativa en tiempo real, lo que mejora la eficiencia y la comunicacion en los proyectos\", 0.903696114115064, \"CloudCOriginal.pdf\", \"(232, 258)\"], [\"Los usuarios tienen la capacidad de aumentar o disminuir la capacidad de almacenamiento y poder de procesamiento de acuerdo con sus necesidades cambiantes, sin tener que realizar inversiones en hardware adicional\", \"Los usuarios pueden aumentar o disminuir la capacidad de almacenamiento y potencia de procesamiento segun sus necesidades cambiantes, sin tener que invertir en hardware adicional\", 0.7456011350793257, \"CloudCOriginal.pdf\", \"(119, 145)\"], [\"El concepto de la computacion en la nube se basa en la utilizacion de servidores remotos y. compartidos para almacenar y procesar datos\", \"La computacion en la nube se basa en la idea de utilizar servidores remotos y compartidos para almacenar y procesar datos\", 0.7500000000000001, \"CloudCOriginal.pdf\", \"(45, 66)\"], [\"En resumen, la computacion en la nube ha tenido un impacto significativo en la forma en que utilizamos y accedemos a los recursos informaticos\", \"En conclusion, la computacion en la nube ha transformado la forma en que utilizamos y accedemos a los recursos informaticos\", 0.7627700713964739, \"CloudCOriginal.pdf\", \"(294, 315)\"], [\"La computacion en la nube tambien ha impulsado la colaboracion y la productividad\", \"La computacion en la nube tambien ha impulsado la colaboracion y la productividad\", 1.0, \"CloudCOriginal.pdf\", \"(219, 232)\"], [\"Esto brinda una mayor confiabilidad y seguridad en la proteccion de los datos\", \"Esto proporciona una mayor confiabilidad y seguridad en la proteccion de datos\", 0.857142857142857, \"CloudCOriginal.pdf\", \"(207, 219)\"]]','{\"nombre_archivo\": \"CloudCPlagio_l8nelbe.pdf\", \"path_resultado\": \"C:\\\\Users\\\\smart\\\\Documents\\\\Plagia Final\\\\PlagiarismDetectorFinal\\\\PlagiarismDjango\\\\nlp\\\\Resultado/\", \"path_referencia\": \"C:\\\\Users\\\\smart\\\\Documents\\\\Plagia Final\\\\PlagiarismDetectorFinal\\\\PlagiarismDjango\\\\nlp\\\\Referencia/\", \"total_oraciones\": 18, \"tiempo_que_tardo\": \"07 segundos\", \"porcentaje_de_plagio\": 90.44334711123868, \"topico_con_mas_score\": [\"cerebro\", \"lobulo\", \"metodologia\", \"organo\", \"hemisferio\", \"nube\", \"metodologia\", \"servicio\", \"proyecto\", \"forma\"]}'),(94,'resultados/Plagio_SeguridadIPlagio_f8KNESl.pdf','2023-08-02 13:34:53.082543',1,100,0,'[[\"La seguridad de la informacion es un tema de suma importancia en nuestra era digital\", \"La seguridad de la informacion se ha convertido en un tema de suma importancia en la era digital en la que vivimos\", 0.8819171036881969, \"SeguridadIOriginal.pdf\", \"(1, 23)\"], [\"Con el avance tecnologico y nuestra dependencia creciente de los sistemas informaticos, la proteccion de la informacion se ha vuelto crucial para individuos, empresas y gobiernos\", \"Con el avance de la tecnologia y la creciente dependencia de los sistemas informaticos, salvaguardar la informacion se ha vuelto crucial para individuos, empresas y gobiernos\", 0.8571428571428571, \"SeguridadIOriginal.pdf\", \"(23, 51)\"], [\"El concepto de seguridad de la informacion abarca una amplia gama de medidas y practicas destinadas a preservar la confidencialidad, integridad y disponibilidad de los datos\", \"La seguridad de la informacion abarca una amplia gama de medidas y practicas destinadas a proteger la confidencialidad, integridad y disponibilidad de los datos\", 0.8280786712108251, \"SeguridadIOriginal.pdf\", \"(51, 76)\"], [\"En el mundo actual, donde los datos son considerados un activo valioso, la perdida o compromiso de informacion confidencial puede tener consecuencias devastadoras\", \"En un mundo donde los datos se han convertido en un activo valioso, la perdida o compromiso de informacion confidencial puede tener consecuencias desastrosas\", 0.8280786712108251, \"SeguridadIOriginal.pdf\", \"(104, 129)\"], [\"Los delincuentes ciberneticos buscan constantemente vulnerabilidades en los sistemas para obtener acceso no autorizado a datos sensibles, lo que puede resultar en robo de identidad, fraudes financieros o dano a la reputacion de una organizacion\", \"Los ciberdelincuentes buscan constantemente vulnerabilidades en los sistemas para obtener acceso no autorizado a datos sensibles, lo que puede resultar en robo de identidad, fraudes financieros o dano a la reputacion de una organizacion\", 0.9271050693011066, \"SeguridadIOriginal.pdf\", \"(129, 165)\"], [\"Ademas, la seguridad de la informacion es esencial para cumplir con las leyes y regulaciones de privacidad\", \"Ademas, la seguridad de la informacion es fundamental para garantizar el cumplimiento de las leyes y regulaciones de privacidad\", 0.7071067811865475, \"SeguridadIOriginal.pdf\", \"(165, 185)\"], [\"Las empresas deben acatar normativas como el Reglamento General de Proteccion de Datos (GDPR) en la Union Europea, que establece estandares rigurosos para el manejo y proteccion de datos personales\", \"Reglamento General de Proteccion de Datos (GDPR) en la Union Europea, que establece estandares estrictos para el manejo y proteccion de datos personales\", 0.8355044182110839, \"SeguridadIOriginal.pdf\", \"(193, 219)\"], [\"En resumen, la seguridad de la informacion es un aspecto critico en la era digital\", \"En conclusion, la seguridad de la informacion es un aspecto fundamental en la era digital\", 0.7142857142857142, \"SeguridadIOriginal.pdf\", \"(219, 235)\"], [\"La proteccion de los datos debe ser una prioridad tanto a nivel personal como empresarial\", \"La proteccion de los datos debe ser una prioridad tanto a nivel personal como empresarial\", 1.0, \"SeguridadIOriginal.pdf\", \"(235, 250)\"], [\"La implementacion de medidas de seguridad efectivas y la comprension de las ultimas amenazas y vulnerabilidades son fundamentales para mantener la confianza de los usuarios y salvaguardar la informacion valiosa en un mundo cada vez mas interconectado y dependiente de la tecnologia\", \"Implementar medidas de seguridad efectivas y estar al tanto de las ultimas amenazas y vulnerabilidades es esencial para mantener la confianza de los usuarios y proteger la informacion valiosa en un mundo cada vez mas conectado y dependiente de la tecnologia\", 0.7735267838285932, \"SeguridadIOriginal.pdf\", \"(250, 291)\"]]','{\"nombre_archivo\": \"SeguridadIPlagio_f8KNESl.pdf\", \"path_resultado\": \"C:\\\\Users\\\\smart\\\\Documents\\\\Plagia Final\\\\PlagiarismDetectorFinal\\\\PlagiarismDjango\\\\nlp\\\\Resultado/\", \"path_referencia\": \"C:\\\\Users\\\\smart\\\\Documents\\\\Plagia Final\\\\PlagiarismDetectorFinal\\\\PlagiarismDjango\\\\nlp\\\\Referencia/\", \"total_oraciones\": 12, \"tiempo_que_tardo\": \"06 segundos\", \"porcentaje_de_plagio\": 83.52746070065749, \"topico_con_mas_score\": [\"dato\", \"seguridad\", \"mundo\", \"medida\", \"sistema\"]}'),(95,'','2023-08-02 13:43:36.448798',0,101,1,'[]','{}'),(96,'resultados/Plagio_MetdologiasAPlagio_XyVnOq2.pdf','2023-08-02 13:56:05.357468',1,102,0,'[[\"A diferencia de los enfoques tradicionales de gestion de proyectos, las metodologias agiles se caracterizan por su enfoque en la adaptabilidad, la colaboracion y la entrega iterativa\", \"A diferencia de los enfoques tradicionales de gestion de proyectos, las metodologias agiles se centran en la adaptabilidad, la colaboracion y la entrega iterativa\", 0.8894991799933215, \"MetdologiasAOriginal.pdf\", \"(17, 43)\"], [\"Estos periodos de tiempo limitados permiten una mayor flexibilidad y capacidad de respuesta a medida que se obtienen resultados tangibles\", \"Estos periodos de tiempo limitados permiten una mayor flexibilidad y capacidad de respuesta a medida que se van obteniendo resultados tangibles\", 0.8894991799933215, \"MetdologiasAOriginal.pdf\", \"(73, 94)\"], [\"En lugar de seguir un plan rigido y predefinido, las metodologias agiles se basan en ciclos de trabajo mas cortos, conocidos como \\\"iteraciones\\\" o \\\"sprints\\\"\", \"En lugar de seguir un plan rigido y predefinido, las metodologias agiles se basan en ciclos de trabajo mas cortos conocidos como \\\"iteraciones\\\" o \\\"sprints\\\"\", 1.0, \"MetdologiasAOriginal.pdf\", \"(43, 73)\"], [\"La comunicacion y la colaboracion son aspectos clave en las metodologias agiles\", \"La comunicacion y la colaboracion son fundamentales en las metodologias agiles\", 0.7715167498104595, \"MetdologiasAOriginal.pdf\", \"(94, 105)\"], [\"Esto promueve una mayor transparencia y estimula la retroalimentacion constante, lo que posibilita realizar ajustes y mejoras en tiempo real\", \"Esto fomenta una mayor transparencia y alienta la retroalimentacion constante, lo que permite realizar ajustes y mejoras en tiempo real\", 0.7692307692307694, \"MetdologiasAOriginal.pdf\", \"(120, 141)\"], [\"Los equipos de trabajo interactuan de manera continua, compartiendo informacion, ideas y desafios\", \"Los equipos de trabajo interactuan de manera continua, compartiendo informacion, ideas y desafios\", 0.9999999999999998, \"MetdologiasAOriginal.pdf\", \"(105, 120)\"], [\"Una de las principales ventajas de las metodologias agiles es su capacidad para adaptarse a los cambios\", \"Una de las principales ventajas de las metodologias agiles es su capacidad para adaptarse a los cambios\", 0.9999999999999998, \"MetdologiasAOriginal.pdf\", \"(141, 158)\"], [\"Los requisitos del proyecto pueden evolucionar a lo largo del tiempo y las metodologias agiles permiten una mayor flexibilidad para abordar estos cambios\", \"Los requisitos del proyecto pueden evolucionar a lo largo del tiempo, y las metodologias agiles permiten una mayor flexibilidad para abordar estos cambios\", 1.0, \"MetdologiasAOriginal.pdf\", \"(158, 182)\"], [\"Esto ayuda a evitar la rigidez de los enfoques tradicionales, donde los cambios pueden ser costosos y dificiles de implementar\", \"Esto ayuda a evitar la rigidez de los enfoques tradicionales, donde los cambios pueden ser costosos y dificiles de implementar\", 1.0000000000000002, \"MetdologiasAOriginal.pdf\", \"(182, 203)\"], [\"Ademas, las metodologias agiles fomentan la entrega temprana y continua de valor\", \"Ademas, las metodologias agiles fomentan la entrega de valor de manera temprana y continua\", 0.9428090415820632, \"MetdologiasAOriginal.pdf\", \"(203, 218)\"], [\"Esto brinda la oportunidad de recibir retroalimentacion temprana por parte de los interesados y permite realizar ajustes en funcion de dicha retroalimentacion\", \"Esto brinda la oportunidad de obtener retroalimentacion temprana por parte de los stakeholders y permite realizar ajustes en base a esa retroalimentacion\", 0.7745966692414834, \"MetdologiasAOriginal.pdf\", \"(241, 263)\"], [\"En lugar de esperar hasta el final del proyecto para obtener resultados, las iteraciones permiten la entrega gradual de productos o funcionalidades\", \"En lugar de esperar hasta el final del proyecto para obtener resultados, las iteraciones permiten la entrega gradual de productos o funcionalidades\", 1.0000000000000002, \"MetdologiasAOriginal.pdf\", \"(218, 241)\"], [\"En resumen, las metodologias agiles han demostrado ser un enfoque efectivo para la gestion de proyectos en el ambito empresarial\", \"En conclusion, las metodologias agiles han demostrado ser un enfoque efectivo para la gestion de proyectos en entornos empresariales\", 0.7500000000000001, \"MetdologiasAOriginal.pdf\", \"(263, 283)\"], [\"Su enfoque en la adaptabilidad, la colaboracion y la entrega continua de valor ha impulsado la eficiencia y la calidad en el desarrollo de productos y servicios\", \"Su enfoque en la adaptabilidad, la colaboracion y la entrega continua de valor ha impulsado la eficiencia y la calidad en el desarrollo de productos y servicios\", 1.0000000000000002, \"MetdologiasAOriginal.pdf\", \"(283, 311)\"], [\"Al adoptar las metodologias agiles, las organizaciones pueden mejorar su capacidad para enfrentar los desafios en un entorno empresarial en constante cambio\", \"Al adoptar las metodologias agiles, las organizaciones pueden mejorar su capacidad para enfrentar los desafios en un entorno empresarial en constante cambio\", 1.0, \"MetdologiasAOriginal.pdf\", \"(311, 334)\"]]','{\"nombre_archivo\": \"MetdologiasAPlagio_XyVnOq2.pdf\", \"path_resultado\": \"C:\\\\Users\\\\smart\\\\Documents\\\\Plagia Final\\\\PlagiarismDetectorFinal\\\\PlagiarismDjango\\\\nlp\\\\Resultado/\", \"path_referencia\": \"C:\\\\Users\\\\smart\\\\Documents\\\\Plagia Final\\\\PlagiarismDetectorFinal\\\\PlagiarismDjango\\\\nlp\\\\Referencia/\", \"total_oraciones\": 16, \"tiempo_que_tardo\": \"15 segundos\", \"porcentaje_de_plagio\": 91.9143439323428, \"topico_con_mas_score\": [\"metodologia\", \"proyecto\", \"cambio\", \"enfoque\", \"entrega\"]}'),(97,'','2023-08-02 13:58:19.209279',0,103,1,'[]','{}'),(98,'','2023-08-02 13:59:11.990802',0,104,1,'[]','{}'),(99,'resultados/Plagio_SeguridadIPlagio_uZB83Id.pdf','2023-08-02 14:01:38.323319',1,105,0,'[[\"La seguridad de la informacion es un tema de suma importancia en nuestra era digital\", \"La seguridad de la informacion se ha convertido en un tema de suma importancia en la era digital en la que vivimos\", 0.8819171036881969, \"SeguridadIOriginal.pdf\", \"(1, 23)\"], [\"Con el avance tecnologico y nuestra dependencia creciente de los sistemas informaticos, la proteccion de la informacion se ha vuelto crucial para individuos, empresas y gobiernos\", \"Con el avance de la tecnologia y la creciente dependencia de los sistemas informaticos, salvaguardar la informacion se ha vuelto crucial para individuos, empresas y gobiernos\", 0.8571428571428571, \"SeguridadIOriginal.pdf\", \"(23, 51)\"], [\"El concepto de seguridad de la informacion abarca una amplia gama de medidas y practicas destinadas a preservar la confidencialidad, integridad y disponibilidad de los datos\", \"La seguridad de la informacion abarca una amplia gama de medidas y practicas destinadas a proteger la confidencialidad, integridad y disponibilidad de los datos\", 0.8280786712108251, \"SeguridadIOriginal.pdf\", \"(51, 76)\"], [\"En el mundo actual, donde los datos son considerados un activo valioso, la perdida o compromiso de informacion confidencial puede tener consecuencias devastadoras\", \"En un mundo donde los datos se han convertido en un activo valioso, la perdida o compromiso de informacion confidencial puede tener consecuencias desastrosas\", 0.8280786712108251, \"SeguridadIOriginal.pdf\", \"(104, 129)\"], [\"Los delincuentes ciberneticos buscan constantemente vulnerabilidades en los sistemas para obtener acceso no autorizado a datos sensibles, lo que puede resultar en robo de identidad, fraudes financieros o dano a la reputacion de una organizacion\", \"Los ciberdelincuentes buscan constantemente vulnerabilidades en los sistemas para obtener acceso no autorizado a datos sensibles, lo que puede resultar en robo de identidad, fraudes financieros o dano a la reputacion de una organizacion\", 0.9271050693011066, \"SeguridadIOriginal.pdf\", \"(129, 165)\"], [\"Ademas, la seguridad de la informacion es esencial para cumplir con las leyes y regulaciones de privacidad\", \"Ademas, la seguridad de la informacion es fundamental para garantizar el cumplimiento de las leyes y regulaciones de privacidad\", 0.7071067811865475, \"SeguridadIOriginal.pdf\", \"(165, 185)\"], [\"Las empresas deben acatar normativas como el Reglamento General de Proteccion de Datos (GDPR) en la Union Europea, que establece estandares rigurosos para el manejo y proteccion de datos personales\", \"Reglamento General de Proteccion de Datos (GDPR) en la Union Europea, que establece estandares estrictos para el manejo y proteccion de datos personales\", 0.8355044182110839, \"SeguridadIOriginal.pdf\", \"(193, 219)\"], [\"En resumen, la seguridad de la informacion es un aspecto critico en la era digital\", \"En conclusion, la seguridad de la informacion es un aspecto fundamental en la era digital\", 0.7142857142857142, \"SeguridadIOriginal.pdf\", \"(219, 235)\"], [\"La proteccion de los datos debe ser una prioridad tanto a nivel personal como empresarial\", \"La proteccion de los datos debe ser una prioridad tanto a nivel personal como empresarial\", 1.0, \"SeguridadIOriginal.pdf\", \"(235, 250)\"], [\"La implementacion de medidas de seguridad efectivas y la comprension de las ultimas amenazas y vulnerabilidades son fundamentales para mantener la confianza de los usuarios y salvaguardar la informacion valiosa en un mundo cada vez mas interconectado y dependiente de la tecnologia\", \"Implementar medidas de seguridad efectivas y estar al tanto de las ultimas amenazas y vulnerabilidades es esencial para mantener la confianza de los usuarios y proteger la informacion valiosa en un mundo cada vez mas conectado y dependiente de la tecnologia\", 0.7735267838285932, \"SeguridadIOriginal.pdf\", \"(250, 291)\"]]','{\"nombre_archivo\": \"SeguridadIPlagio_uZB83Id.pdf\", \"path_resultado\": \"C:\\\\Users\\\\smart\\\\Documents\\\\Plagia Final\\\\PlagiarismDetectorFinal\\\\PlagiarismDjango\\\\nlp\\\\Resultado/\", \"path_referencia\": \"C:\\\\Users\\\\smart\\\\Documents\\\\Plagia Final\\\\PlagiarismDetectorFinal\\\\PlagiarismDjango\\\\nlp\\\\Referencia/\", \"total_oraciones\": 12, \"tiempo_que_tardo\": \"06 segundos\", \"porcentaje_de_plagio\": 83.52746070065749, \"topico_con_mas_score\": [\"dato\", \"seguridad\", \"usuario\", \"tecnologia\", \"sistema\"]}'),(100,'resultados/Plagio_MetdologiasAPlagio_BFODJdN.pdf','2023-08-02 14:02:47.467504',1,106,0,'[[\"La seguridad de la informacion es un tema de suma importancia en nuestra era digital\", \"La seguridad de la informacion se ha convertido en un tema de suma importancia en la era digital en la que vivimos\", 0.8819171036881969, \"SeguridadIOriginal.pdf\", \"(1, 23)\"], [\"Con el avance tecnologico y nuestra dependencia creciente de los sistemas informaticos, la proteccion de la informacion se ha vuelto crucial para individuos, empresas y gobiernos\", \"Con el avance de la tecnologia y la creciente dependencia de los sistemas informaticos, salvaguardar la informacion se ha vuelto crucial para individuos, empresas y gobiernos\", 0.8571428571428571, \"SeguridadIOriginal.pdf\", \"(23, 51)\"], [\"El concepto de seguridad de la informacion abarca una amplia gama de medidas y practicas destinadas a preservar la confidencialidad, integridad y disponibilidad de los datos\", \"La seguridad de la informacion abarca una amplia gama de medidas y practicas destinadas a proteger la confidencialidad, integridad y disponibilidad de los datos\", 0.8280786712108251, \"SeguridadIOriginal.pdf\", \"(51, 76)\"], [\"En el mundo actual, donde los datos son considerados un activo valioso, la perdida o compromiso de informacion confidencial puede tener consecuencias devastadoras\", \"En un mundo donde los datos se han convertido en un activo valioso, la perdida o compromiso de informacion confidencial puede tener consecuencias desastrosas\", 0.8280786712108251, \"SeguridadIOriginal.pdf\", \"(104, 129)\"], [\"Los delincuentes ciberneticos buscan constantemente vulnerabilidades en los sistemas para obtener acceso no autorizado a datos sensibles, lo que puede resultar en robo de identidad, fraudes financieros o dano a la reputacion de una organizacion\", \"Los ciberdelincuentes buscan constantemente vulnerabilidades en los sistemas para obtener acceso no autorizado a datos sensibles, lo que puede resultar en robo de identidad, fraudes financieros o dano a la reputacion de una organizacion\", 0.9271050693011066, \"SeguridadIOriginal.pdf\", \"(129, 165)\"], [\"Ademas, la seguridad de la informacion es esencial para cumplir con las leyes y regulaciones de privacidad\", \"Ademas, la seguridad de la informacion es fundamental para garantizar el cumplimiento de las leyes y regulaciones de privacidad\", 0.7071067811865475, \"SeguridadIOriginal.pdf\", \"(165, 185)\"], [\"Las empresas deben acatar normativas como el Reglamento General de Proteccion de Datos (GDPR) en la Union Europea, que establece estandares rigurosos para el manejo y proteccion de datos personales\", \"Reglamento General de Proteccion de Datos (GDPR) en la Union Europea, que establece estandares estrictos para el manejo y proteccion de datos personales\", 0.8355044182110839, \"SeguridadIOriginal.pdf\", \"(193, 219)\"], [\"En resumen, la seguridad de la informacion es un aspecto critico en la era digital\", \"En conclusion, la seguridad de la informacion es un aspecto fundamental en la era digital\", 0.7142857142857142, \"SeguridadIOriginal.pdf\", \"(219, 235)\"], [\"La proteccion de los datos debe ser una prioridad tanto a nivel personal como empresarial\", \"La proteccion de los datos debe ser una prioridad tanto a nivel personal como empresarial\", 1.0, \"SeguridadIOriginal.pdf\", \"(235, 250)\"], [\"La implementacion de medidas de seguridad efectivas y la comprension de las ultimas amenazas y vulnerabilidades son fundamentales para mantener la confianza de los usuarios y salvaguardar la informacion valiosa en un mundo cada vez mas interconectado y dependiente de la tecnologia\", \"Implementar medidas de seguridad efectivas y estar al tanto de las ultimas amenazas y vulnerabilidades es esencial para mantener la confianza de los usuarios y proteger la informacion valiosa en un mundo cada vez mas conectado y dependiente de la tecnologia\", 0.7735267838285932, \"SeguridadIOriginal.pdf\", \"(250, 291)\"], [\"La seguridad de la informacion es un tema de suma importancia en nuestra era digital\", \"La seguridad de la informacion se ha convertido en un tema de suma importancia en la era digital en la que vivimos\", 0.8819171036881969, \"SeguridadIOriginal.pdf\", \"(1, 23)\"], [\"Con el avance tecnologico y nuestra dependencia creciente de los sistemas informaticos, la proteccion de la informacion se ha vuelto crucial para individuos, empresas y gobiernos\", \"Con el avance de la tecnologia y la creciente dependencia de los sistemas informaticos, salvaguardar la informacion se ha vuelto crucial para individuos, empresas y gobiernos\", 0.8571428571428571, \"SeguridadIOriginal.pdf\", \"(23, 51)\"], [\"El concepto de seguridad de la informacion abarca una amplia gama de medidas y practicas destinadas a preservar la confidencialidad, integridad y disponibilidad de los datos\", \"La seguridad de la informacion abarca una amplia gama de medidas y practicas destinadas a proteger la confidencialidad, integridad y disponibilidad de los datos\", 0.8280786712108251, \"SeguridadIOriginal.pdf\", \"(51, 76)\"], [\"En el mundo actual, donde los datos son considerados un activo valioso, la perdida o compromiso de informacion confidencial puede tener consecuencias devastadoras\", \"En un mundo donde los datos se han convertido en un activo valioso, la perdida o compromiso de informacion confidencial puede tener consecuencias desastrosas\", 0.8280786712108251, \"SeguridadIOriginal.pdf\", \"(104, 129)\"], [\"Los delincuentes ciberneticos buscan constantemente vulnerabilidades en los sistemas para obtener acceso no autorizado a datos sensibles, lo que puede resultar en robo de identidad, fraudes financieros o dano a la reputacion de una organizacion\", \"Los ciberdelincuentes buscan constantemente vulnerabilidades en los sistemas para obtener acceso no autorizado a datos sensibles, lo que puede resultar en robo de identidad, fraudes financieros o dano a la reputacion de una organizacion\", 0.9271050693011066, \"SeguridadIOriginal.pdf\", \"(129, 165)\"], [\"Ademas, la seguridad de la informacion es esencial para cumplir con las leyes y regulaciones de privacidad\", \"Ademas, la seguridad de la informacion es fundamental para garantizar el cumplimiento de las leyes y regulaciones de privacidad\", 0.7071067811865475, \"SeguridadIOriginal.pdf\", \"(165, 185)\"], [\"Las empresas deben acatar normativas como el Reglamento General de Proteccion de Datos (GDPR) en la Union Europea, que establece estandares rigurosos para el manejo y proteccion de datos personales\", \"Reglamento General de Proteccion de Datos (GDPR) en la Union Europea, que establece estandares estrictos para el manejo y proteccion de datos personales\", 0.8355044182110839, \"SeguridadIOriginal.pdf\", \"(193, 219)\"], [\"En resumen, la seguridad de la informacion es un aspecto critico en la era digital\", \"En conclusion, la seguridad de la informacion es un aspecto fundamental en la era digital\", 0.7142857142857142, \"SeguridadIOriginal.pdf\", \"(219, 235)\"], [\"La proteccion de los datos debe ser una prioridad tanto a nivel personal como empresarial\", \"La proteccion de los datos debe ser una prioridad tanto a nivel personal como empresarial\", 1.0, \"SeguridadIOriginal.pdf\", \"(235, 250)\"], [\"La implementacion de medidas de seguridad efectivas y la comprension de las ultimas amenazas y vulnerabilidades son fundamentales para mantener la confianza de los usuarios y salvaguardar la informacion valiosa en un mundo cada vez mas interconectado y dependiente de la tecnologia\", \"Implementar medidas de seguridad efectivas y estar al tanto de las ultimas amenazas y vulnerabilidades es esencial para mantener la confianza de los usuarios y proteger la informacion valiosa en un mundo cada vez mas conectado y dependiente de la tecnologia\", 0.7735267838285932, \"SeguridadIOriginal.pdf\", \"(250, 291)\"], [\"En lugar de seguir un plan rigido y predefinido, las metodologias agiles se basan en ciclos de trabajo mas cortos, conocidos como \\\"iteraciones\\\" o \\\"sprints\\\"\", \"En lugar de seguir un plan rigido y predefinido, las metodologias agiles se basan en ciclos de trabajo mas cortos conocidos como \\\"iteraciones\\\" o \\\"sprints\\\"\", 1.0, \"MetdologiasAOriginal.pdf\", \"(43, 73)\"], [\"A diferencia de los enfoques tradicionales de gestion de proyectos, las metodologias agiles se caracterizan por su enfoque en la adaptabilidad, la colaboracion y la entrega iterativa\", \"A diferencia de los enfoques tradicionales de gestion de proyectos, las metodologias agiles se centran en la adaptabilidad, la colaboracion y la entrega iterativa\", 0.8894991799933215, \"MetdologiasAOriginal.pdf\", \"(17, 43)\"], [\"La comunicacion y la colaboracion son aspectos clave en las metodologias agiles\", \"La comunicacion y la colaboracion son fundamentales en las metodologias agiles\", 0.7715167498104595, \"MetdologiasAOriginal.pdf\", \"(94, 105)\"], [\"Esto promueve una mayor transparencia y estimula la retroalimentacion constante, lo que posibilita realizar ajustes y mejoras en tiempo real\", \"Esto fomenta una mayor transparencia y alienta la retroalimentacion constante, lo que permite realizar ajustes y mejoras en tiempo real\", 0.7692307692307694, \"MetdologiasAOriginal.pdf\", \"(120, 141)\"], [\"Estos periodos de tiempo limitados permiten una mayor flexibilidad y capacidad de respuesta a medida que se obtienen resultados tangibles\", \"Estos periodos de tiempo limitados permiten una mayor flexibilidad y capacidad de respuesta a medida que se van obteniendo resultados tangibles\", 0.8894991799933215, \"MetdologiasAOriginal.pdf\", \"(73, 94)\"], [\"Una de las principales ventajas de las metodologias agiles es su capacidad para adaptarse a los cambios\", \"Una de las principales ventajas de las metodologias agiles es su capacidad para adaptarse a los cambios\", 0.9999999999999998, \"MetdologiasAOriginal.pdf\", \"(141, 158)\"], [\"Los equipos de trabajo interactuan de manera continua, compartiendo informacion, ideas y desafios\", \"Los equipos de trabajo interactuan de manera continua, compartiendo informacion, ideas y desafios\", 0.9999999999999998, \"MetdologiasAOriginal.pdf\", \"(105, 120)\"], [\"Esto brinda la oportunidad de recibir retroalimentacion temprana por parte de los interesados y permite realizar ajustes en funcion de dicha retroalimentacion\", \"Esto brinda la oportunidad de obtener retroalimentacion temprana por parte de los stakeholders y permite realizar ajustes en base a esa retroalimentacion\", 0.7745966692414834, \"MetdologiasAOriginal.pdf\", \"(241, 263)\"], [\"Los requisitos del proyecto pueden evolucionar a lo largo del tiempo y las metodologias agiles permiten una mayor flexibilidad para abordar estos cambios\", \"Los requisitos del proyecto pueden evolucionar a lo largo del tiempo, y las metodologias agiles permiten una mayor flexibilidad para abordar estos cambios\", 1.0, \"MetdologiasAOriginal.pdf\", \"(158, 182)\"], [\"Ademas, las metodologias agiles fomentan la entrega temprana y continua de valor\", \"Ademas, las metodologias agiles fomentan la entrega de valor de manera temprana y continua\", 0.9428090415820632, \"MetdologiasAOriginal.pdf\", \"(203, 218)\"], [\"Esto ayuda a evitar la rigidez de los enfoques tradicionales, donde los cambios pueden ser costosos y dificiles de implementar\", \"Esto ayuda a evitar la rigidez de los enfoques tradicionales, donde los cambios pueden ser costosos y dificiles de implementar\", 1.0000000000000002, \"MetdologiasAOriginal.pdf\", \"(182, 203)\"], [\"Al adoptar las metodologias agiles, las organizaciones pueden mejorar su capacidad para enfrentar los desafios en un entorno empresarial en constante cambio\", \"Al adoptar las metodologias agiles, las organizaciones pueden mejorar su capacidad para enfrentar los desafios en un entorno empresarial en constante cambio\", 1.0, \"MetdologiasAOriginal.pdf\", \"(311, 334)\"], [\"En resumen, las metodologias agiles han demostrado ser un enfoque efectivo para la gestion de proyectos en el ambito empresarial\", \"En conclusion, las metodologias agiles han demostrado ser un enfoque efectivo para la gestion de proyectos en entornos empresariales\", 0.7500000000000001, \"MetdologiasAOriginal.pdf\", \"(263, 283)\"], [\"Su enfoque en la adaptabilidad, la colaboracion y la entrega continua de valor ha impulsado la eficiencia y la calidad en el desarrollo de productos y servicios\", \"Su enfoque en la adaptabilidad, la colaboracion y la entrega continua de valor ha impulsado la eficiencia y la calidad en el desarrollo de productos y servicios\", 1.0000000000000002, \"MetdologiasAOriginal.pdf\", \"(283, 311)\"], [\"En lugar de esperar hasta el final del proyecto para obtener resultados, las iteraciones permiten la entrega gradual de productos o funcionalidades\", \"En lugar de esperar hasta el final del proyecto para obtener resultados, las iteraciones permiten la entrega gradual de productos o funcionalidades\", 1.0000000000000002, \"MetdologiasAOriginal.pdf\", \"(218, 241)\"]]','{\"nombre_archivo\": \"MetdologiasAPlagio_BFODJdN.pdf\", \"path_resultado\": \"C:\\\\Users\\\\smart\\\\Documents\\\\Plagia Final\\\\PlagiarismDetectorFinal\\\\PlagiarismDjango\\\\nlp\\\\Resultado/\", \"path_referencia\": \"C:\\\\Users\\\\smart\\\\Documents\\\\Plagia Final\\\\PlagiarismDetectorFinal\\\\PlagiarismDjango\\\\nlp\\\\Referencia/\", \"total_oraciones\": 16, \"tiempo_que_tardo\": \"07 segundos\", \"porcentaje_de_plagio\": 87.12183922852262, \"topico_con_mas_score\": [\"dato\", \"seguridad\", \"usuario\", \"tecnologia\", \"sistema\", \"metodologia\", \"proyecto\", \"entrega\", \"enfoque\", \"cambio\"]}'),(101,'resultados/Plagio_SeguridadIPlagio_KxpDAIF.pdf','2023-08-02 14:15:03.227763',1,107,0,'[[\"La seguridad de la informacion es un tema de suma importancia en nuestra era digital\", \"La seguridad de la informacion se ha convertido en un tema de suma importancia en la era digital en la que vivimos\", 0.8819171036881969, \"SeguridadIOriginal.pdf\", \"(1, 23)\"], [\"Con el avance tecnologico y nuestra dependencia creciente de los sistemas informaticos, la proteccion de la informacion se ha vuelto crucial para individuos, empresas y gobiernos\", \"Con el avance de la tecnologia y la creciente dependencia de los sistemas informaticos, salvaguardar la informacion se ha vuelto crucial para individuos, empresas y gobiernos\", 0.8571428571428571, \"SeguridadIOriginal.pdf\", \"(23, 51)\"], [\"El concepto de seguridad de la informacion abarca una amplia gama de medidas y practicas destinadas a preservar la confidencialidad, integridad y disponibilidad de los datos\", \"La seguridad de la informacion abarca una amplia gama de medidas y practicas destinadas a proteger la confidencialidad, integridad y disponibilidad de los datos\", 0.8280786712108251, \"SeguridadIOriginal.pdf\", \"(51, 76)\"], [\"En el mundo actual, donde los datos son considerados un activo valioso, la perdida o compromiso de informacion confidencial puede tener consecuencias devastadoras\", \"En un mundo donde los datos se han convertido en un activo valioso, la perdida o compromiso de informacion confidencial puede tener consecuencias desastrosas\", 0.8280786712108251, \"SeguridadIOriginal.pdf\", \"(104, 129)\"], [\"Los delincuentes ciberneticos buscan constantemente vulnerabilidades en los sistemas para obtener acceso no autorizado a datos sensibles, lo que puede resultar en robo de identidad, fraudes financieros o dano a la reputacion de una organizacion\", \"Los ciberdelincuentes buscan constantemente vulnerabilidades en los sistemas para obtener acceso no autorizado a datos sensibles, lo que puede resultar en robo de identidad, fraudes financieros o dano a la reputacion de una organizacion\", 0.9271050693011066, \"SeguridadIOriginal.pdf\", \"(129, 165)\"], [\"Ademas, la seguridad de la informacion es esencial para cumplir con las leyes y regulaciones de privacidad\", \"Ademas, la seguridad de la informacion es fundamental para garantizar el cumplimiento de las leyes y regulaciones de privacidad\", 0.7071067811865475, \"SeguridadIOriginal.pdf\", \"(165, 185)\"], [\"Las empresas deben acatar normativas como el Reglamento General de Proteccion de Datos (GDPR) en la Union Europea, que establece estandares rigurosos para el manejo y proteccion de datos personales\", \"Reglamento General de Proteccion de Datos (GDPR) en la Union Europea, que establece estandares estrictos para el manejo y proteccion de datos personales\", 0.8355044182110839, \"SeguridadIOriginal.pdf\", \"(193, 219)\"], [\"En resumen, la seguridad de la informacion es un aspecto critico en la era digital\", \"En conclusion, la seguridad de la informacion es un aspecto fundamental en la era digital\", 0.7142857142857142, \"SeguridadIOriginal.pdf\", \"(219, 235)\"], [\"La proteccion de los datos debe ser una prioridad tanto a nivel personal como empresarial\", \"La proteccion de los datos debe ser una prioridad tanto a nivel personal como empresarial\", 1.0, \"SeguridadIOriginal.pdf\", \"(235, 250)\"], [\"La implementacion de medidas de seguridad efectivas y la comprension de las ultimas amenazas y vulnerabilidades son fundamentales para mantener la confianza de los usuarios y salvaguardar la informacion valiosa en un mundo cada vez mas interconectado y dependiente de la tecnologia\", \"Implementar medidas de seguridad efectivas y estar al tanto de las ultimas amenazas y vulnerabilidades es esencial para mantener la confianza de los usuarios y proteger la informacion valiosa en un mundo cada vez mas conectado y dependiente de la tecnologia\", 0.7735267838285932, \"SeguridadIOriginal.pdf\", \"(250, 291)\"]]','{\"nombre_archivo\": \"SeguridadIPlagio_KxpDAIF.pdf\", \"path_resultado\": \"C:\\\\Users\\\\smart\\\\Documents\\\\Plagia Final\\\\PlagiarismDetectorFinal\\\\PlagiarismDjango\\\\nlp\\\\Resultado/\", \"path_referencia\": \"C:\\\\Users\\\\smart\\\\Documents\\\\Plagia Final\\\\PlagiarismDetectorFinal\\\\PlagiarismDjango\\\\nlp\\\\Referencia/\", \"total_oraciones\": 12, \"tiempo_que_tardo\": \"09 segundos\", \"porcentaje_de_plagio\": 83.52746070065749, \"topico_con_mas_score\": [\"dato\", \"seguridad\", \"mundo\", \"medida\", \"acceso\"]}'),(102,'resultados/Plagio_SeguridadIPlagio_CAiv7HO.pdf','2023-08-03 16:05:54.315557',1,109,0,'[[\"La seguridad de la informacion es un tema de suma importancia en nuestra era digital\", \"La seguridad de la informacion se ha convertido en un tema de suma importancia en la era digital en la que vivimos\", 0.8819171036881969, \"SeguridadIOriginal.pdf\", \"(1, 23)\"], [\"Con el avance tecnologico y nuestra dependencia creciente de los sistemas informaticos, la proteccion de la informacion se ha vuelto crucial para individuos, empresas y gobiernos\", \"Con el avance de la tecnologia y la creciente dependencia de los sistemas informaticos, salvaguardar la informacion se ha vuelto crucial para individuos, empresas y gobiernos\", 0.8571428571428571, \"SeguridadIOriginal.pdf\", \"(23, 51)\"], [\"El concepto de seguridad de la informacion abarca una amplia gama de medidas y practicas destinadas a preservar la confidencialidad, integridad y disponibilidad de los datos\", \"La seguridad de la informacion abarca una amplia gama de medidas y practicas destinadas a proteger la confidencialidad, integridad y disponibilidad de los datos\", 0.8280786712108251, \"SeguridadIOriginal.pdf\", \"(51, 76)\"], [\"En el mundo actual, donde los datos son considerados un activo valioso, la perdida o compromiso de informacion confidencial puede tener consecuencias devastadoras\", \"En un mundo donde los datos se han convertido en un activo valioso, la perdida o compromiso de informacion confidencial puede tener consecuencias desastrosas\", 0.8280786712108251, \"SeguridadIOriginal.pdf\", \"(104, 129)\"], [\"Los delincuentes ciberneticos buscan constantemente vulnerabilidades en los sistemas para obtener acceso no autorizado a datos sensibles, lo que puede resultar en robo de identidad, fraudes financieros o dano a la reputacion de una organizacion\", \"Los ciberdelincuentes buscan constantemente vulnerabilidades en los sistemas para obtener acceso no autorizado a datos sensibles, lo que puede resultar en robo de identidad, fraudes financieros o dano a la reputacion de una organizacion\", 0.9271050693011066, \"SeguridadIOriginal.pdf\", \"(129, 165)\"], [\"Ademas, la seguridad de la informacion es esencial para cumplir con las leyes y regulaciones de privacidad\", \"Ademas, la seguridad de la informacion es fundamental para garantizar el cumplimiento de las leyes y regulaciones de privacidad\", 0.7071067811865475, \"SeguridadIOriginal.pdf\", \"(165, 185)\"], [\"Las empresas deben acatar normativas como el Reglamento General de Proteccion de Datos (GDPR) en la Union Europea, que establece estandares rigurosos para el manejo y proteccion de datos personales\", \"Reglamento General de Proteccion de Datos (GDPR) en la Union Europea, que establece estandares estrictos para el manejo y proteccion de datos personales\", 0.8355044182110839, \"SeguridadIOriginal.pdf\", \"(193, 219)\"], [\"En resumen, la seguridad de la informacion es un aspecto critico en la era digital\", \"En conclusion, la seguridad de la informacion es un aspecto fundamental en la era digital\", 0.7142857142857142, \"SeguridadIOriginal.pdf\", \"(219, 235)\"], [\"La proteccion de los datos debe ser una prioridad tanto a nivel personal como empresarial\", \"La proteccion de los datos debe ser una prioridad tanto a nivel personal como empresarial\", 1.0, \"SeguridadIOriginal.pdf\", \"(235, 250)\"], [\"La implementacion de medidas de seguridad efectivas y la comprension de las ultimas amenazas y vulnerabilidades son fundamentales para mantener la confianza de los usuarios y salvaguardar la informacion valiosa en un mundo cada vez mas interconectado y dependiente de la tecnologia\", \"Implementar medidas de seguridad efectivas y estar al tanto de las ultimas amenazas y vulnerabilidades es esencial para mantener la confianza de los usuarios y proteger la informacion valiosa en un mundo cada vez mas conectado y dependiente de la tecnologia\", 0.7735267838285932, \"SeguridadIOriginal.pdf\", \"(250, 291)\"]]','{\"nombre_archivo\": \"SeguridadIPlagio_CAiv7HO.pdf\", \"path_resultado\": \"C:\\\\Users\\\\smart\\\\Documents\\\\Plagia Final\\\\PlagiarismDetectorFinal\\\\PlagiarismDjango\\\\nlp\\\\Resultado/\", \"path_referencia\": \"C:\\\\Users\\\\smart\\\\Documents\\\\Plagia Final\\\\PlagiarismDetectorFinal\\\\PlagiarismDjango\\\\nlp\\\\Referencia/\", \"total_oraciones\": 12, \"tiempo_que_tardo\": \"19 segundos\", \"porcentaje_de_plagio\": 83.52746070065749, \"topico_con_mas_score\": [\"dato\", \"seguridad\", \"usuario\", \"tecnologia\", \"acceso\"]}'),(103,'resultados/Plagio_MetdologiasAPlagio_NUVoVeq.pdf','2023-08-03 16:11:24.253919',1,110,0,'[[\"La seguridad de la informacion es un tema de suma importancia en nuestra era digital\", \"La seguridad de la informacion se ha convertido en un tema de suma importancia en la era digital en la que vivimos\", 0.8819171036881969, \"SeguridadIOriginal.pdf\", \"(1, 23)\"], [\"Con el avance tecnologico y nuestra dependencia creciente de los sistemas informaticos, la proteccion de la informacion se ha vuelto crucial para individuos, empresas y gobiernos\", \"Con el avance de la tecnologia y la creciente dependencia de los sistemas informaticos, salvaguardar la informacion se ha vuelto crucial para individuos, empresas y gobiernos\", 0.8571428571428571, \"SeguridadIOriginal.pdf\", \"(23, 51)\"], [\"El concepto de seguridad de la informacion abarca una amplia gama de medidas y practicas destinadas a preservar la confidencialidad, integridad y disponibilidad de los datos\", \"La seguridad de la informacion abarca una amplia gama de medidas y practicas destinadas a proteger la confidencialidad, integridad y disponibilidad de los datos\", 0.8280786712108251, \"SeguridadIOriginal.pdf\", \"(51, 76)\"], [\"En el mundo actual, donde los datos son considerados un activo valioso, la perdida o compromiso de informacion confidencial puede tener consecuencias devastadoras\", \"En un mundo donde los datos se han convertido en un activo valioso, la perdida o compromiso de informacion confidencial puede tener consecuencias desastrosas\", 0.8280786712108251, \"SeguridadIOriginal.pdf\", \"(104, 129)\"], [\"Los delincuentes ciberneticos buscan constantemente vulnerabilidades en los sistemas para obtener acceso no autorizado a datos sensibles, lo que puede resultar en robo de identidad, fraudes financieros o dano a la reputacion de una organizacion\", \"Los ciberdelincuentes buscan constantemente vulnerabilidades en los sistemas para obtener acceso no autorizado a datos sensibles, lo que puede resultar en robo de identidad, fraudes financieros o dano a la reputacion de una organizacion\", 0.9271050693011066, \"SeguridadIOriginal.pdf\", \"(129, 165)\"], [\"Ademas, la seguridad de la informacion es esencial para cumplir con las leyes y regulaciones de privacidad\", \"Ademas, la seguridad de la informacion es fundamental para garantizar el cumplimiento de las leyes y regulaciones de privacidad\", 0.7071067811865475, \"SeguridadIOriginal.pdf\", \"(165, 185)\"], [\"Las empresas deben acatar normativas como el Reglamento General de Proteccion de Datos (GDPR) en la Union Europea, que establece estandares rigurosos para el manejo y proteccion de datos personales\", \"Reglamento General de Proteccion de Datos (GDPR) en la Union Europea, que establece estandares estrictos para el manejo y proteccion de datos personales\", 0.8355044182110839, \"SeguridadIOriginal.pdf\", \"(193, 219)\"], [\"En resumen, la seguridad de la informacion es un aspecto critico en la era digital\", \"En conclusion, la seguridad de la informacion es un aspecto fundamental en la era digital\", 0.7142857142857142, \"SeguridadIOriginal.pdf\", \"(219, 235)\"], [\"La proteccion de los datos debe ser una prioridad tanto a nivel personal como empresarial\", \"La proteccion de los datos debe ser una prioridad tanto a nivel personal como empresarial\", 1.0, \"SeguridadIOriginal.pdf\", \"(235, 250)\"], [\"La implementacion de medidas de seguridad efectivas y la comprension de las ultimas amenazas y vulnerabilidades son fundamentales para mantener la confianza de los usuarios y salvaguardar la informacion valiosa en un mundo cada vez mas interconectado y dependiente de la tecnologia\", \"Implementar medidas de seguridad efectivas y estar al tanto de las ultimas amenazas y vulnerabilidades es esencial para mantener la confianza de los usuarios y proteger la informacion valiosa en un mundo cada vez mas conectado y dependiente de la tecnologia\", 0.7735267838285932, \"SeguridadIOriginal.pdf\", \"(250, 291)\"], [\"La seguridad de la informacion es un tema de suma importancia en nuestra era digital\", \"La seguridad de la informacion se ha convertido en un tema de suma importancia en la era digital en la que vivimos\", 0.8819171036881969, \"SeguridadIOriginal.pdf\", \"(1, 23)\"], [\"Con el avance tecnologico y nuestra dependencia creciente de los sistemas informaticos, la proteccion de la informacion se ha vuelto crucial para individuos, empresas y gobiernos\", \"Con el avance de la tecnologia y la creciente dependencia de los sistemas informaticos, salvaguardar la informacion se ha vuelto crucial para individuos, empresas y gobiernos\", 0.8571428571428571, \"SeguridadIOriginal.pdf\", \"(23, 51)\"], [\"El concepto de seguridad de la informacion abarca una amplia gama de medidas y practicas destinadas a preservar la confidencialidad, integridad y disponibilidad de los datos\", \"La seguridad de la informacion abarca una amplia gama de medidas y practicas destinadas a proteger la confidencialidad, integridad y disponibilidad de los datos\", 0.8280786712108251, \"SeguridadIOriginal.pdf\", \"(51, 76)\"], [\"En el mundo actual, donde los datos son considerados un activo valioso, la perdida o compromiso de informacion confidencial puede tener consecuencias devastadoras\", \"En un mundo donde los datos se han convertido en un activo valioso, la perdida o compromiso de informacion confidencial puede tener consecuencias desastrosas\", 0.8280786712108251, \"SeguridadIOriginal.pdf\", \"(104, 129)\"], [\"Los delincuentes ciberneticos buscan constantemente vulnerabilidades en los sistemas para obtener acceso no autorizado a datos sensibles, lo que puede resultar en robo de identidad, fraudes financieros o dano a la reputacion de una organizacion\", \"Los ciberdelincuentes buscan constantemente vulnerabilidades en los sistemas para obtener acceso no autorizado a datos sensibles, lo que puede resultar en robo de identidad, fraudes financieros o dano a la reputacion de una organizacion\", 0.9271050693011066, \"SeguridadIOriginal.pdf\", \"(129, 165)\"], [\"Ademas, la seguridad de la informacion es esencial para cumplir con las leyes y regulaciones de privacidad\", \"Ademas, la seguridad de la informacion es fundamental para garantizar el cumplimiento de las leyes y regulaciones de privacidad\", 0.7071067811865475, \"SeguridadIOriginal.pdf\", \"(165, 185)\"], [\"Las empresas deben acatar normativas como el Reglamento General de Proteccion de Datos (GDPR) en la Union Europea, que establece estandares rigurosos para el manejo y proteccion de datos personales\", \"Reglamento General de Proteccion de Datos (GDPR) en la Union Europea, que establece estandares estrictos para el manejo y proteccion de datos personales\", 0.8355044182110839, \"SeguridadIOriginal.pdf\", \"(193, 219)\"], [\"En resumen, la seguridad de la informacion es un aspecto critico en la era digital\", \"En conclusion, la seguridad de la informacion es un aspecto fundamental en la era digital\", 0.7142857142857142, \"SeguridadIOriginal.pdf\", \"(219, 235)\"], [\"La proteccion de los datos debe ser una prioridad tanto a nivel personal como empresarial\", \"La proteccion de los datos debe ser una prioridad tanto a nivel personal como empresarial\", 1.0, \"SeguridadIOriginal.pdf\", \"(235, 250)\"], [\"La implementacion de medidas de seguridad efectivas y la comprension de las ultimas amenazas y vulnerabilidades son fundamentales para mantener la confianza de los usuarios y salvaguardar la informacion valiosa en un mundo cada vez mas interconectado y dependiente de la tecnologia\", \"Implementar medidas de seguridad efectivas y estar al tanto de las ultimas amenazas y vulnerabilidades es esencial para mantener la confianza de los usuarios y proteger la informacion valiosa en un mundo cada vez mas conectado y dependiente de la tecnologia\", 0.7735267838285932, \"SeguridadIOriginal.pdf\", \"(250, 291)\"], [\"A diferencia de los enfoques tradicionales de gestion de proyectos, las metodologias agiles se caracterizan por su enfoque en la adaptabilidad, la colaboracion y la entrega iterativa\", \"A diferencia de los enfoques tradicionales de gestion de proyectos, las metodologias agiles se centran en la adaptabilidad, la colaboracion y la entrega iterativa\", 0.8894991799933215, \"MetdologiasAOriginal.pdf\", \"(17, 43)\"], [\"En lugar de seguir un plan rigido y predefinido, las metodologias agiles se basan en ciclos de trabajo mas cortos, conocidos como \\\"iteraciones\\\" o \\\"sprints\\\"\", \"En lugar de seguir un plan rigido y predefinido, las metodologias agiles se basan en ciclos de trabajo mas cortos conocidos como \\\"iteraciones\\\" o \\\"sprints\\\"\", 1.0, \"MetdologiasAOriginal.pdf\", \"(43, 73)\"], [\"La comunicacion y la colaboracion son aspectos clave en las metodologias agiles\", \"La comunicacion y la colaboracion son fundamentales en las metodologias agiles\", 0.7715167498104595, \"MetdologiasAOriginal.pdf\", \"(94, 105)\"], [\"Estos periodos de tiempo limitados permiten una mayor flexibilidad y capacidad de respuesta a medida que se obtienen resultados tangibles\", \"Estos periodos de tiempo limitados permiten una mayor flexibilidad y capacidad de respuesta a medida que se van obteniendo resultados tangibles\", 0.8894991799933215, \"MetdologiasAOriginal.pdf\", \"(73, 94)\"], [\"Esto promueve una mayor transparencia y estimula la retroalimentacion constante, lo que posibilita realizar ajustes y mejoras en tiempo real\", \"Esto fomenta una mayor transparencia y alienta la retroalimentacion constante, lo que permite realizar ajustes y mejoras en tiempo real\", 0.7692307692307694, \"MetdologiasAOriginal.pdf\", \"(120, 141)\"], [\"Los equipos de trabajo interactuan de manera continua, compartiendo informacion, ideas y desafios\", \"Los equipos de trabajo interactuan de manera continua, compartiendo informacion, ideas y desafios\", 0.9999999999999998, \"MetdologiasAOriginal.pdf\", \"(105, 120)\"], [\"Ademas, las metodologias agiles fomentan la entrega temprana y continua de valor\", \"Ademas, las metodologias agiles fomentan la entrega de valor de manera temprana y continua\", 0.9428090415820632, \"MetdologiasAOriginal.pdf\", \"(203, 218)\"], [\"Esto ayuda a evitar la rigidez de los enfoques tradicionales, donde los cambios pueden ser costosos y dificiles de implementar\", \"Esto ayuda a evitar la rigidez de los enfoques tradicionales, donde los cambios pueden ser costosos y dificiles de implementar\", 1.0000000000000002, \"MetdologiasAOriginal.pdf\", \"(182, 203)\"], [\"Los requisitos del proyecto pueden evolucionar a lo largo del tiempo y las metodologias agiles permiten una mayor flexibilidad para abordar estos cambios\", \"Los requisitos del proyecto pueden evolucionar a lo largo del tiempo, y las metodologias agiles permiten una mayor flexibilidad para abordar estos cambios\", 1.0, \"MetdologiasAOriginal.pdf\", \"(158, 182)\"], [\"Una de las principales ventajas de las metodologias agiles es su capacidad para adaptarse a los cambios\", \"Una de las principales ventajas de las metodologias agiles es su capacidad para adaptarse a los cambios\", 0.9999999999999998, \"MetdologiasAOriginal.pdf\", \"(141, 158)\"], [\"En lugar de esperar hasta el final del proyecto para obtener resultados, las iteraciones permiten la entrega gradual de productos o funcionalidades\", \"En lugar de esperar hasta el final del proyecto para obtener resultados, las iteraciones permiten la entrega gradual de productos o funcionalidades\", 1.0000000000000002, \"MetdologiasAOriginal.pdf\", \"(218, 241)\"], [\"En resumen, las metodologias agiles han demostrado ser un enfoque efectivo para la gestion de proyectos en el ambito empresarial\", \"En conclusion, las metodologias agiles han demostrado ser un enfoque efectivo para la gestion de proyectos en entornos empresariales\", 0.7500000000000001, \"MetdologiasAOriginal.pdf\", \"(263, 283)\"], [\"Su enfoque en la adaptabilidad, la colaboracion y la entrega continua de valor ha impulsado la eficiencia y la calidad en el desarrollo de productos y servicios\", \"Su enfoque en la adaptabilidad, la colaboracion y la entrega continua de valor ha impulsado la eficiencia y la calidad en el desarrollo de productos y servicios\", 1.0000000000000002, \"MetdologiasAOriginal.pdf\", \"(283, 311)\"], [\"Al adoptar las metodologias agiles, las organizaciones pueden mejorar su capacidad para enfrentar los desafios en un entorno empresarial en constante cambio\", \"Al adoptar las metodologias agiles, las organizaciones pueden mejorar su capacidad para enfrentar los desafios en un entorno empresarial en constante cambio\", 1.0, \"MetdologiasAOriginal.pdf\", \"(311, 334)\"], [\"Esto brinda la oportunidad de recibir retroalimentacion temprana por parte de los interesados y permite realizar ajustes en funcion de dicha retroalimentacion\", \"Esto brinda la oportunidad de obtener retroalimentacion temprana por parte de los stakeholders y permite realizar ajustes en base a esa retroalimentacion\", 0.7745966692414834, \"MetdologiasAOriginal.pdf\", \"(241, 263)\"]]','{\"nombre_archivo\": \"MetdologiasAPlagio_NUVoVeq.pdf\", \"path_resultado\": \"C:\\\\Users\\\\smart\\\\Documents\\\\Plagia Final\\\\PlagiarismDetectorFinal\\\\PlagiarismDjango\\\\nlp\\\\Resultado/\", \"path_referencia\": \"C:\\\\Users\\\\smart\\\\Documents\\\\Plagia Final\\\\PlagiarismDetectorFinal\\\\PlagiarismDjango\\\\nlp\\\\Referencia/\", \"total_oraciones\": 16, \"tiempo_que_tardo\": \"09 segundos\", \"porcentaje_de_plagio\": 87.12183922852262, \"topico_con_mas_score\": [\"dato\", \"seguridad\", \"usuario\", \"tecnologia\", \"acceso\", \"metodologia\", \"proyecto\", \"enfoque\", \"entrega\", \"cambio\"]}'),(104,'resultados/Plagio_SeguridadIPlagio_mOnlg2m.pdf','2023-08-03 16:15:10.614039',1,111,0,'[[\"La seguridad de la informacion es un tema de suma importancia en nuestra era digital\", \"La seguridad de la informacion se ha convertido en un tema de suma importancia en la era digital en la que vivimos\", 0.8819171036881969, \"SeguridadIOriginal.pdf\", \"(1, 23)\"], [\"Con el avance tecnologico y nuestra dependencia creciente de los sistemas informaticos, la proteccion de la informacion se ha vuelto crucial para individuos, empresas y gobiernos\", \"Con el avance de la tecnologia y la creciente dependencia de los sistemas informaticos, salvaguardar la informacion se ha vuelto crucial para individuos, empresas y gobiernos\", 0.8571428571428571, \"SeguridadIOriginal.pdf\", \"(23, 51)\"], [\"El concepto de seguridad de la informacion abarca una amplia gama de medidas y practicas destinadas a preservar la confidencialidad, integridad y disponibilidad de los datos\", \"La seguridad de la informacion abarca una amplia gama de medidas y practicas destinadas a proteger la confidencialidad, integridad y disponibilidad de los datos\", 0.8280786712108251, \"SeguridadIOriginal.pdf\", \"(51, 76)\"], [\"En el mundo actual, donde los datos son considerados un activo valioso, la perdida o compromiso de informacion confidencial puede tener consecuencias devastadoras\", \"En un mundo donde los datos se han convertido en un activo valioso, la perdida o compromiso de informacion confidencial puede tener consecuencias desastrosas\", 0.8280786712108251, \"SeguridadIOriginal.pdf\", \"(104, 129)\"], [\"Los delincuentes ciberneticos buscan constantemente vulnerabilidades en los sistemas para obtener acceso no autorizado a datos sensibles, lo que puede resultar en robo de identidad, fraudes financieros o dano a la reputacion de una organizacion\", \"Los ciberdelincuentes buscan constantemente vulnerabilidades en los sistemas para obtener acceso no autorizado a datos sensibles, lo que puede resultar en robo de identidad, fraudes financieros o dano a la reputacion de una organizacion\", 0.9271050693011066, \"SeguridadIOriginal.pdf\", \"(129, 165)\"], [\"Ademas, la seguridad de la informacion es esencial para cumplir con las leyes y regulaciones de privacidad\", \"Ademas, la seguridad de la informacion es fundamental para garantizar el cumplimiento de las leyes y regulaciones de privacidad\", 0.7071067811865475, \"SeguridadIOriginal.pdf\", \"(165, 185)\"], [\"Las empresas deben acatar normativas como el Reglamento General de Proteccion de Datos (GDPR) en la Union Europea, que establece estandares rigurosos para el manejo y proteccion de datos personales\", \"Reglamento General de Proteccion de Datos (GDPR) en la Union Europea, que establece estandares estrictos para el manejo y proteccion de datos personales\", 0.8355044182110839, \"SeguridadIOriginal.pdf\", \"(193, 219)\"], [\"En resumen, la seguridad de la informacion es un aspecto critico en la era digital\", \"En conclusion, la seguridad de la informacion es un aspecto fundamental en la era digital\", 0.7142857142857142, \"SeguridadIOriginal.pdf\", \"(219, 235)\"], [\"La proteccion de los datos debe ser una prioridad tanto a nivel personal como empresarial\", \"La proteccion de los datos debe ser una prioridad tanto a nivel personal como empresarial\", 1.0, \"SeguridadIOriginal.pdf\", \"(235, 250)\"], [\"La implementacion de medidas de seguridad efectivas y la comprension de las ultimas amenazas y vulnerabilidades son fundamentales para mantener la confianza de los usuarios y salvaguardar la informacion valiosa en un mundo cada vez mas interconectado y dependiente de la tecnologia\", \"Implementar medidas de seguridad efectivas y estar al tanto de las ultimas amenazas y vulnerabilidades es esencial para mantener la confianza de los usuarios y proteger la informacion valiosa en un mundo cada vez mas conectado y dependiente de la tecnologia\", 0.7735267838285932, \"SeguridadIOriginal.pdf\", \"(250, 291)\"], [\"La seguridad de la informacion es un tema de suma importancia en nuestra era digital\", \"La seguridad de la informacion se ha convertido en un tema de suma importancia en la era digital en la que vivimos\", 0.8819171036881969, \"SeguridadIOriginal.pdf\", \"(1, 23)\"], [\"Con el avance tecnologico y nuestra dependencia creciente de los sistemas informaticos, la proteccion de la informacion se ha vuelto crucial para individuos, empresas y gobiernos\", \"Con el avance de la tecnologia y la creciente dependencia de los sistemas informaticos, salvaguardar la informacion se ha vuelto crucial para individuos, empresas y gobiernos\", 0.8571428571428571, \"SeguridadIOriginal.pdf\", \"(23, 51)\"], [\"El concepto de seguridad de la informacion abarca una amplia gama de medidas y practicas destinadas a preservar la confidencialidad, integridad y disponibilidad de los datos\", \"La seguridad de la informacion abarca una amplia gama de medidas y practicas destinadas a proteger la confidencialidad, integridad y disponibilidad de los datos\", 0.8280786712108251, \"SeguridadIOriginal.pdf\", \"(51, 76)\"], [\"En el mundo actual, donde los datos son considerados un activo valioso, la perdida o compromiso de informacion confidencial puede tener consecuencias devastadoras\", \"En un mundo donde los datos se han convertido en un activo valioso, la perdida o compromiso de informacion confidencial puede tener consecuencias desastrosas\", 0.8280786712108251, \"SeguridadIOriginal.pdf\", \"(104, 129)\"], [\"Los delincuentes ciberneticos buscan constantemente vulnerabilidades en los sistemas para obtener acceso no autorizado a datos sensibles, lo que puede resultar en robo de identidad, fraudes financieros o dano a la reputacion de una organizacion\", \"Los ciberdelincuentes buscan constantemente vulnerabilidades en los sistemas para obtener acceso no autorizado a datos sensibles, lo que puede resultar en robo de identidad, fraudes financieros o dano a la reputacion de una organizacion\", 0.9271050693011066, \"SeguridadIOriginal.pdf\", \"(129, 165)\"], [\"Ademas, la seguridad de la informacion es esencial para cumplir con las leyes y regulaciones de privacidad\", \"Ademas, la seguridad de la informacion es fundamental para garantizar el cumplimiento de las leyes y regulaciones de privacidad\", 0.7071067811865475, \"SeguridadIOriginal.pdf\", \"(165, 185)\"], [\"Las empresas deben acatar normativas como el Reglamento General de Proteccion de Datos (GDPR) en la Union Europea, que establece estandares rigurosos para el manejo y proteccion de datos personales\", \"Reglamento General de Proteccion de Datos (GDPR) en la Union Europea, que establece estandares estrictos para el manejo y proteccion de datos personales\", 0.8355044182110839, \"SeguridadIOriginal.pdf\", \"(193, 219)\"], [\"En resumen, la seguridad de la informacion es un aspecto critico en la era digital\", \"En conclusion, la seguridad de la informacion es un aspecto fundamental en la era digital\", 0.7142857142857142, \"SeguridadIOriginal.pdf\", \"(219, 235)\"], [\"La proteccion de los datos debe ser una prioridad tanto a nivel personal como empresarial\", \"La proteccion de los datos debe ser una prioridad tanto a nivel personal como empresarial\", 1.0, \"SeguridadIOriginal.pdf\", \"(235, 250)\"], [\"La implementacion de medidas de seguridad efectivas y la comprension de las ultimas amenazas y vulnerabilidades son fundamentales para mantener la confianza de los usuarios y salvaguardar la informacion valiosa en un mundo cada vez mas interconectado y dependiente de la tecnologia\", \"Implementar medidas de seguridad efectivas y estar al tanto de las ultimas amenazas y vulnerabilidades es esencial para mantener la confianza de los usuarios y proteger la informacion valiosa en un mundo cada vez mas conectado y dependiente de la tecnologia\", 0.7735267838285932, \"SeguridadIOriginal.pdf\", \"(250, 291)\"], [\"A diferencia de los enfoques tradicionales de gestion de proyectos, las metodologias agiles se caracterizan por su enfoque en la adaptabilidad, la colaboracion y la entrega iterativa\", \"A diferencia de los enfoques tradicionales de gestion de proyectos, las metodologias agiles se centran en la adaptabilidad, la colaboracion y la entrega iterativa\", 0.8894991799933215, \"MetdologiasAOriginal.pdf\", \"(17, 43)\"], [\"En lugar de seguir un plan rigido y predefinido, las metodologias agiles se basan en ciclos de trabajo mas cortos, conocidos como \\\"iteraciones\\\" o \\\"sprints\\\"\", \"En lugar de seguir un plan rigido y predefinido, las metodologias agiles se basan en ciclos de trabajo mas cortos conocidos como \\\"iteraciones\\\" o \\\"sprints\\\"\", 1.0, \"MetdologiasAOriginal.pdf\", \"(43, 73)\"], [\"La comunicacion y la colaboracion son aspectos clave en las metodologias agiles\", \"La comunicacion y la colaboracion son fundamentales en las metodologias agiles\", 0.7715167498104595, \"MetdologiasAOriginal.pdf\", \"(94, 105)\"], [\"Estos periodos de tiempo limitados permiten una mayor flexibilidad y capacidad de respuesta a medida que se obtienen resultados tangibles\", \"Estos periodos de tiempo limitados permiten una mayor flexibilidad y capacidad de respuesta a medida que se van obteniendo resultados tangibles\", 0.8894991799933215, \"MetdologiasAOriginal.pdf\", \"(73, 94)\"], [\"Esto promueve una mayor transparencia y estimula la retroalimentacion constante, lo que posibilita realizar ajustes y mejoras en tiempo real\", \"Esto fomenta una mayor transparencia y alienta la retroalimentacion constante, lo que permite realizar ajustes y mejoras en tiempo real\", 0.7692307692307694, \"MetdologiasAOriginal.pdf\", \"(120, 141)\"], [\"Los equipos de trabajo interactuan de manera continua, compartiendo informacion, ideas y desafios\", \"Los equipos de trabajo interactuan de manera continua, compartiendo informacion, ideas y desafios\", 0.9999999999999998, \"MetdologiasAOriginal.pdf\", \"(105, 120)\"], [\"Ademas, las metodologias agiles fomentan la entrega temprana y continua de valor\", \"Ademas, las metodologias agiles fomentan la entrega de valor de manera temprana y continua\", 0.9428090415820632, \"MetdologiasAOriginal.pdf\", \"(203, 218)\"], [\"Esto ayuda a evitar la rigidez de los enfoques tradicionales, donde los cambios pueden ser costosos y dificiles de implementar\", \"Esto ayuda a evitar la rigidez de los enfoques tradicionales, donde los cambios pueden ser costosos y dificiles de implementar\", 1.0000000000000002, \"MetdologiasAOriginal.pdf\", \"(182, 203)\"], [\"Los requisitos del proyecto pueden evolucionar a lo largo del tiempo y las metodologias agiles permiten una mayor flexibilidad para abordar estos cambios\", \"Los requisitos del proyecto pueden evolucionar a lo largo del tiempo, y las metodologias agiles permiten una mayor flexibilidad para abordar estos cambios\", 1.0, \"MetdologiasAOriginal.pdf\", \"(158, 182)\"], [\"Una de las principales ventajas de las metodologias agiles es su capacidad para adaptarse a los cambios\", \"Una de las principales ventajas de las metodologias agiles es su capacidad para adaptarse a los cambios\", 0.9999999999999998, \"MetdologiasAOriginal.pdf\", \"(141, 158)\"], [\"En lugar de esperar hasta el final del proyecto para obtener resultados, las iteraciones permiten la entrega gradual de productos o funcionalidades\", \"En lugar de esperar hasta el final del proyecto para obtener resultados, las iteraciones permiten la entrega gradual de productos o funcionalidades\", 1.0000000000000002, \"MetdologiasAOriginal.pdf\", \"(218, 241)\"], [\"En resumen, las metodologias agiles han demostrado ser un enfoque efectivo para la gestion de proyectos en el ambito empresarial\", \"En conclusion, las metodologias agiles han demostrado ser un enfoque efectivo para la gestion de proyectos en entornos empresariales\", 0.7500000000000001, \"MetdologiasAOriginal.pdf\", \"(263, 283)\"], [\"Su enfoque en la adaptabilidad, la colaboracion y la entrega continua de valor ha impulsado la eficiencia y la calidad en el desarrollo de productos y servicios\", \"Su enfoque en la adaptabilidad, la colaboracion y la entrega continua de valor ha impulsado la eficiencia y la calidad en el desarrollo de productos y servicios\", 1.0000000000000002, \"MetdologiasAOriginal.pdf\", \"(283, 311)\"], [\"Al adoptar las metodologias agiles, las organizaciones pueden mejorar su capacidad para enfrentar los desafios en un entorno empresarial en constante cambio\", \"Al adoptar las metodologias agiles, las organizaciones pueden mejorar su capacidad para enfrentar los desafios en un entorno empresarial en constante cambio\", 1.0, \"MetdologiasAOriginal.pdf\", \"(311, 334)\"], [\"Esto brinda la oportunidad de recibir retroalimentacion temprana por parte de los interesados y permite realizar ajustes en funcion de dicha retroalimentacion\", \"Esto brinda la oportunidad de obtener retroalimentacion temprana por parte de los stakeholders y permite realizar ajustes en base a esa retroalimentacion\", 0.7745966692414834, \"MetdologiasAOriginal.pdf\", \"(241, 263)\"], [\"La seguridad de la informacion es un tema de suma importancia en nuestra era digital\", \"La seguridad de la informacion se ha convertido en un tema de suma importancia en la era digital en la que vivimos\", 0.8819171036881969, \"SeguridadIOriginal.pdf\", \"(1, 23)\"], [\"Con el avance tecnologico y nuestra dependencia creciente de los sistemas informaticos, la proteccion de la informacion se ha vuelto crucial para individuos, empresas y gobiernos\", \"Con el avance de la tecnologia y la creciente dependencia de los sistemas informaticos, salvaguardar la informacion se ha vuelto crucial para individuos, empresas y gobiernos\", 0.8571428571428571, \"SeguridadIOriginal.pdf\", \"(23, 51)\"], [\"El concepto de seguridad de la informacion abarca una amplia gama de medidas y practicas destinadas a preservar la confidencialidad, integridad y disponibilidad de los datos\", \"La seguridad de la informacion abarca una amplia gama de medidas y practicas destinadas a proteger la confidencialidad, integridad y disponibilidad de los datos\", 0.8280786712108251, \"SeguridadIOriginal.pdf\", \"(51, 76)\"], [\"En el mundo actual, donde los datos son considerados un activo valioso, la perdida o compromiso de informacion confidencial puede tener consecuencias devastadoras\", \"En un mundo donde los datos se han convertido en un activo valioso, la perdida o compromiso de informacion confidencial puede tener consecuencias desastrosas\", 0.8280786712108251, \"SeguridadIOriginal.pdf\", \"(104, 129)\"], [\"Los delincuentes ciberneticos buscan constantemente vulnerabilidades en los sistemas para obtener acceso no autorizado a datos sensibles, lo que puede resultar en robo de identidad, fraudes financieros o dano a la reputacion de una organizacion\", \"Los ciberdelincuentes buscan constantemente vulnerabilidades en los sistemas para obtener acceso no autorizado a datos sensibles, lo que puede resultar en robo de identidad, fraudes financieros o dano a la reputacion de una organizacion\", 0.9271050693011066, \"SeguridadIOriginal.pdf\", \"(129, 165)\"], [\"Ademas, la seguridad de la informacion es esencial para cumplir con las leyes y regulaciones de privacidad\", \"Ademas, la seguridad de la informacion es fundamental para garantizar el cumplimiento de las leyes y regulaciones de privacidad\", 0.7071067811865475, \"SeguridadIOriginal.pdf\", \"(165, 185)\"], [\"Las empresas deben acatar normativas como el Reglamento General de Proteccion de Datos (GDPR) en la Union Europea, que establece estandares rigurosos para el manejo y proteccion de datos personales\", \"Reglamento General de Proteccion de Datos (GDPR) en la Union Europea, que establece estandares estrictos para el manejo y proteccion de datos personales\", 0.8355044182110839, \"SeguridadIOriginal.pdf\", \"(193, 219)\"], [\"En resumen, la seguridad de la informacion es un aspecto critico en la era digital\", \"En conclusion, la seguridad de la informacion es un aspecto fundamental en la era digital\", 0.7142857142857142, \"SeguridadIOriginal.pdf\", \"(219, 235)\"], [\"La proteccion de los datos debe ser una prioridad tanto a nivel personal como empresarial\", \"La proteccion de los datos debe ser una prioridad tanto a nivel personal como empresarial\", 1.0, \"SeguridadIOriginal.pdf\", \"(235, 250)\"], [\"La implementacion de medidas de seguridad efectivas y la comprension de las ultimas amenazas y vulnerabilidades son fundamentales para mantener la confianza de los usuarios y salvaguardar la informacion valiosa en un mundo cada vez mas interconectado y dependiente de la tecnologia\", \"Implementar medidas de seguridad efectivas y estar al tanto de las ultimas amenazas y vulnerabilidades es esencial para mantener la confianza de los usuarios y proteger la informacion valiosa en un mundo cada vez mas conectado y dependiente de la tecnologia\", 0.7735267838285932, \"SeguridadIOriginal.pdf\", \"(250, 291)\"], [\"A diferencia de los enfoques tradicionales de gestion de proyectos, las metodologias agiles se caracterizan por su enfoque en la adaptabilidad, la colaboracion y la entrega iterativa\", \"A diferencia de los enfoques tradicionales de gestion de proyectos, las metodologias agiles se centran en la adaptabilidad, la colaboracion y la entrega iterativa\", 0.8894991799933215, \"MetdologiasAOriginal.pdf\", \"(17, 43)\"], [\"En lugar de seguir un plan rigido y predefinido, las metodologias agiles se basan en ciclos de trabajo mas cortos, conocidos como \\\"iteraciones\\\" o \\\"sprints\\\"\", \"En lugar de seguir un plan rigido y predefinido, las metodologias agiles se basan en ciclos de trabajo mas cortos conocidos como \\\"iteraciones\\\" o \\\"sprints\\\"\", 1.0, \"MetdologiasAOriginal.pdf\", \"(43, 73)\"], [\"La comunicacion y la colaboracion son aspectos clave en las metodologias agiles\", \"La comunicacion y la colaboracion son fundamentales en las metodologias agiles\", 0.7715167498104595, \"MetdologiasAOriginal.pdf\", \"(94, 105)\"], [\"Estos periodos de tiempo limitados permiten una mayor flexibilidad y capacidad de respuesta a medida que se obtienen resultados tangibles\", \"Estos periodos de tiempo limitados permiten una mayor flexibilidad y capacidad de respuesta a medida que se van obteniendo resultados tangibles\", 0.8894991799933215, \"MetdologiasAOriginal.pdf\", \"(73, 94)\"], [\"Esto promueve una mayor transparencia y estimula la retroalimentacion constante, lo que posibilita realizar ajustes y mejoras en tiempo real\", \"Esto fomenta una mayor transparencia y alienta la retroalimentacion constante, lo que permite realizar ajustes y mejoras en tiempo real\", 0.7692307692307694, \"MetdologiasAOriginal.pdf\", \"(120, 141)\"], [\"Los equipos de trabajo interactuan de manera continua, compartiendo informacion, ideas y desafios\", \"Los equipos de trabajo interactuan de manera continua, compartiendo informacion, ideas y desafios\", 0.9999999999999998, \"MetdologiasAOriginal.pdf\", \"(105, 120)\"], [\"Ademas, las metodologias agiles fomentan la entrega temprana y continua de valor\", \"Ademas, las metodologias agiles fomentan la entrega de valor de manera temprana y continua\", 0.9428090415820632, \"MetdologiasAOriginal.pdf\", \"(203, 218)\"], [\"Esto ayuda a evitar la rigidez de los enfoques tradicionales, donde los cambios pueden ser costosos y dificiles de implementar\", \"Esto ayuda a evitar la rigidez de los enfoques tradicionales, donde los cambios pueden ser costosos y dificiles de implementar\", 1.0000000000000002, \"MetdologiasAOriginal.pdf\", \"(182, 203)\"], [\"Los requisitos del proyecto pueden evolucionar a lo largo del tiempo y las metodologias agiles permiten una mayor flexibilidad para abordar estos cambios\", \"Los requisitos del proyecto pueden evolucionar a lo largo del tiempo, y las metodologias agiles permiten una mayor flexibilidad para abordar estos cambios\", 1.0, \"MetdologiasAOriginal.pdf\", \"(158, 182)\"], [\"Una de las principales ventajas de las metodologias agiles es su capacidad para adaptarse a los cambios\", \"Una de las principales ventajas de las metodologias agiles es su capacidad para adaptarse a los cambios\", 0.9999999999999998, \"MetdologiasAOriginal.pdf\", \"(141, 158)\"], [\"En lugar de esperar hasta el final del proyecto para obtener resultados, las iteraciones permiten la entrega gradual de productos o funcionalidades\", \"En lugar de esperar hasta el final del proyecto para obtener resultados, las iteraciones permiten la entrega gradual de productos o funcionalidades\", 1.0000000000000002, \"MetdologiasAOriginal.pdf\", \"(218, 241)\"], [\"En resumen, las metodologias agiles han demostrado ser un enfoque efectivo para la gestion de proyectos en el ambito empresarial\", \"En conclusion, las metodologias agiles han demostrado ser un enfoque efectivo para la gestion de proyectos en entornos empresariales\", 0.7500000000000001, \"MetdologiasAOriginal.pdf\", \"(263, 283)\"], [\"Su enfoque en la adaptabilidad, la colaboracion y la entrega continua de valor ha impulsado la eficiencia y la calidad en el desarrollo de productos y servicios\", \"Su enfoque en la adaptabilidad, la colaboracion y la entrega continua de valor ha impulsado la eficiencia y la calidad en el desarrollo de productos y servicios\", 1.0000000000000002, \"MetdologiasAOriginal.pdf\", \"(283, 311)\"], [\"Al adoptar las metodologias agiles, las organizaciones pueden mejorar su capacidad para enfrentar los desafios en un entorno empresarial en constante cambio\", \"Al adoptar las metodologias agiles, las organizaciones pueden mejorar su capacidad para enfrentar los desafios en un entorno empresarial en constante cambio\", 1.0, \"MetdologiasAOriginal.pdf\", \"(311, 334)\"], [\"Esto brinda la oportunidad de recibir retroalimentacion temprana por parte de los interesados y permite realizar ajustes en funcion de dicha retroalimentacion\", \"Esto brinda la oportunidad de obtener retroalimentacion temprana por parte de los stakeholders y permite realizar ajustes en base a esa retroalimentacion\", 0.7745966692414834, \"MetdologiasAOriginal.pdf\", \"(241, 263)\"], [\"La seguridad de la informacion es un tema de suma importancia en nuestra era digital\", \"La seguridad de la informacion se ha convertido en un tema de suma importancia en la era digital en la que vivimos\", 0.8819171036881969, \"SeguridadIOriginal.pdf\", \"(1, 23)\"], [\"Con el avance tecnologico y nuestra dependencia creciente de los sistemas informaticos, la proteccion de la informacion se ha vuelto crucial para individuos, empresas y gobiernos\", \"Con el avance de la tecnologia y la creciente dependencia de los sistemas informaticos, salvaguardar la informacion se ha vuelto crucial para individuos, empresas y gobiernos\", 0.8571428571428571, \"SeguridadIOriginal.pdf\", \"(23, 51)\"], [\"El concepto de seguridad de la informacion abarca una amplia gama de medidas y practicas destinadas a preservar la confidencialidad, integridad y disponibilidad de los datos\", \"La seguridad de la informacion abarca una amplia gama de medidas y practicas destinadas a proteger la confidencialidad, integridad y disponibilidad de los datos\", 0.8280786712108251, \"SeguridadIOriginal.pdf\", \"(51, 76)\"], [\"En el mundo actual, donde los datos son considerados un activo valioso, la perdida o compromiso de informacion confidencial puede tener consecuencias devastadoras\", \"En un mundo donde los datos se han convertido en un activo valioso, la perdida o compromiso de informacion confidencial puede tener consecuencias desastrosas\", 0.8280786712108251, \"SeguridadIOriginal.pdf\", \"(104, 129)\"], [\"Las empresas deben acatar normativas como el Reglamento General de Proteccion de Datos (GDPR) en la Union Europea, que establece estandares rigurosos para el manejo y proteccion de datos personales\", \"Reglamento General de Proteccion de Datos (GDPR) en la Union Europea, que establece estandares estrictos para el manejo y proteccion de datos personales\", 0.8355044182110839, \"SeguridadIOriginal.pdf\", \"(193, 219)\"], [\"Ademas, la seguridad de la informacion es esencial para cumplir con las leyes y regulaciones de privacidad\", \"Ademas, la seguridad de la informacion es fundamental para garantizar el cumplimiento de las leyes y regulaciones de privacidad\", 0.7071067811865475, \"SeguridadIOriginal.pdf\", \"(165, 185)\"], [\"La implementacion de medidas de seguridad efectivas y la comprension de las ultimas amenazas y vulnerabilidades son fundamentales para mantener la confianza de los usuarios y salvaguardar la informacion valiosa en un mundo cada vez mas interconectado y dependiente de la tecnologia\", \"Implementar medidas de seguridad efectivas y estar al tanto de las ultimas amenazas y vulnerabilidades es esencial para mantener la confianza de los usuarios y proteger la informacion valiosa en un mundo cada vez mas conectado y dependiente de la tecnologia\", 0.7735267838285932, \"SeguridadIOriginal.pdf\", \"(250, 291)\"], [\"En resumen, la seguridad de la informacion es un aspecto critico en la era digital\", \"En conclusion, la seguridad de la informacion es un aspecto fundamental en la era digital\", 0.7142857142857142, \"SeguridadIOriginal.pdf\", \"(219, 235)\"], [\"La proteccion de los datos debe ser una prioridad tanto a nivel personal como empresarial\", \"La proteccion de los datos debe ser una prioridad tanto a nivel personal como empresarial\", 1.0, \"SeguridadIOriginal.pdf\", \"(235, 250)\"], [\"Los delincuentes ciberneticos buscan constantemente vulnerabilidades en los sistemas para obtener acceso no autorizado a datos sensibles, lo que puede resultar en robo de identidad, fraudes financieros o dano a la reputacion de una organizacion\", \"Los ciberdelincuentes buscan constantemente vulnerabilidades en los sistemas para obtener acceso no autorizado a datos sensibles, lo que puede resultar en robo de identidad, fraudes financieros o dano a la reputacion de una organizacion\", 0.9271050693011066, \"SeguridadIOriginal.pdf\", \"(129, 165)\"]]','{\"nombre_archivo\": \"SeguridadIPlagio_mOnlg2m.pdf\", \"path_resultado\": \"C:\\\\Users\\\\smart\\\\Documents\\\\Plagia Final\\\\PlagiarismDetectorFinal\\\\PlagiarismDjango\\\\nlp\\\\Resultado/\", \"path_referencia\": \"C:\\\\Users\\\\smart\\\\Documents\\\\Plagia Final\\\\PlagiarismDetectorFinal\\\\PlagiarismDjango\\\\nlp\\\\Referencia/\", \"total_oraciones\": 12, \"tiempo_que_tardo\": \"10 segundos\", \"porcentaje_de_plagio\": 87.12183922852262, \"topico_con_mas_score\": [\"dato\", \"seguridad\", \"usuario\", \"tecnologia\", \"acceso\", \"metodologia\", \"proyecto\", \"enfoque\", \"entrega\", \"cambio\", \"dato\", \"seguridad\", \"sistema\", \"usuario\", \"medida\"]}');
/*!40000 ALTER TABLE `modelo_resultado` ENABLE KEYS */;
UNLOCK TABLES;

--
-- Table structure for table `modelo_usuario`
--

DROP TABLE IF EXISTS `modelo_usuario`;
/*!40101 SET @saved_cs_client     = @@character_set_client */;
/*!50503 SET character_set_client = utf8mb4 */;
CREATE TABLE `modelo_usuario` (
  `usuario_id` int NOT NULL AUTO_INCREMENT,
  `nombres` varchar(70) NOT NULL,
  `apellidos` varchar(70) NOT NULL,
  `correo` varchar(105) NOT NULL,
  `date_created` datetime(6) NOT NULL,
  `estado` tinyint(1) NOT NULL,
  `autorizado` tinyint(1) NOT NULL,
  PRIMARY KEY (`usuario_id`),
  UNIQUE KEY `correo` (`correo`)
) ENGINE=InnoDB AUTO_INCREMENT=25 DEFAULT CHARSET=utf8mb4 COLLATE=utf8mb4_0900_ai_ci;
/*!40101 SET character_set_client = @saved_cs_client */;

--
-- Dumping data for table `modelo_usuario`
--

LOCK TABLES `modelo_usuario` WRITE;
/*!40000 ALTER TABLE `modelo_usuario` DISABLE KEYS */;
INSERT INTO `modelo_usuario` VALUES (1,'usuario1','usuario1','usuario1@usuario.com','2023-06-26 17:08:41.458186',1,0),(2,'usuario2','usuario2','usuario2@usuario.com','2023-06-27 02:23:50.909204',1,0),(3,'usuario3','usuario3','usuario3@usuario.com','2023-06-27 02:25:20.005535',1,0),(4,'usuario4','usuario4','usuario4@usuario.com','2023-06-27 02:33:47.880739',1,0),(5,'usuario5','usuario5','usuario5@usuario.com','2023-06-27 02:55:25.595993',1,0),(6,'usuario6','usuario6','usuario6@usuario.com','2023-06-28 12:59:53.724165',1,0),(7,'usuario7','usuario7','usuario7@usuario.com','2023-06-28 13:02:23.119117',1,0),(8,'admin','admin','santiago.roman@unl.edu.ec','2023-06-28 15:30:28.676472',1,0),(9,'usuario8','usuario8','usuario8@usuario.com','2023-06-29 06:07:01.151101',0,0),(10,'usuario9','usuario9','usuario9@usuario.com','2023-06-29 06:11:35.366628',1,0),(11,'usuario10','usuario10','usuario10@usuario.com','2023-06-29 06:34:01.702626',1,0),(12,'usuario11','usuario11','usuario11@usuario.com','2023-06-29 15:37:21.942264',1,0),(13,'estudiante1','estudiante1','estudiante1@usuario.com','2023-06-29 15:40:49.978165',1,0),(14,'estudiante2','estudiante2','estudiante2@usuario.com','2023-06-29 16:09:31.465493',1,0),(15,'docente1','docente1','docente1@usuario.com','2023-06-29 16:13:08.252527',1,0),(16,'estudiante3','estudiante3','estudiante3@usuario.com','2023-07-04 18:42:42.327717',1,0),(17,'docente2','docente2','docente2@usuario.com','2023-07-04 19:12:50.512398',1,1),(18,'estudiante4','estudiante4','estudiante4@usuario.com','2023-07-05 14:15:02.458027',1,0),(19,'estudiante5','estudiante5','estudiante5@usuario.com','2023-07-05 14:18:29.337108',1,0),(20,'estudiante6','estudiante6','estudiante6@usuario.com','2023-07-11 17:17:13.505135',1,0),(23,'nuevousuario','nuevousuario','nuevousuario@usuario.com','2023-07-19 14:35:06.377711',1,0),(24,'santi','santi','santiagorman123@gmail.com','2023-07-20 15:57:33.721601',1,0);
/*!40000 ALTER TABLE `modelo_usuario` ENABLE KEYS */;
UNLOCK TABLES;

--
-- Final view structure for view `docentes`
--

/*!50001 DROP VIEW IF EXISTS `docentes`*/;
/*!50001 SET @saved_cs_client          = @@character_set_client */;
/*!50001 SET @saved_cs_results         = @@character_set_results */;
/*!50001 SET @saved_col_connection     = @@collation_connection */;
/*!50001 SET character_set_client      = utf8mb4 */;
/*!50001 SET character_set_results     = utf8mb4 */;
/*!50001 SET collation_connection      = utf8mb4_0900_ai_ci */;
/*!50001 CREATE ALGORITHM=UNDEFINED */
/*!50013 DEFINER=`root`@`localhost` SQL SECURITY DEFINER */
/*!50001 VIEW `docentes` AS select `modelo_usuario`.`nombres` AS `nombres`,`modelo_usuario`.`apellidos` AS `apellidos`,`modelo_usuario`.`correo` AS `correo`,`modelo_docente`.`docente_id` AS `docente_id` from (`modelo_usuario` join `modelo_docente` on((`modelo_usuario`.`usuario_id` = `modelo_docente`.`usuario_id`))) */;
/*!50001 SET character_set_client      = @saved_cs_client */;
/*!50001 SET character_set_results     = @saved_cs_results */;
/*!50001 SET collation_connection      = @saved_col_connection */;
/*!40103 SET TIME_ZONE=@OLD_TIME_ZONE */;

/*!40101 SET SQL_MODE=@OLD_SQL_MODE */;
/*!40014 SET FOREIGN_KEY_CHECKS=@OLD_FOREIGN_KEY_CHECKS */;
/*!40014 SET UNIQUE_CHECKS=@OLD_UNIQUE_CHECKS */;
/*!40101 SET CHARACTER_SET_CLIENT=@OLD_CHARACTER_SET_CLIENT */;
/*!40101 SET CHARACTER_SET_RESULTS=@OLD_CHARACTER_SET_RESULTS */;
/*!40101 SET COLLATION_CONNECTION=@OLD_COLLATION_CONNECTION */;
/*!40111 SET SQL_NOTES=@OLD_SQL_NOTES */;

-- Dump completed on 2023-08-08 16:47:53
